,mean_fit_time,std_fit_time,mean_score_time,std_score_time,param_model__n_estimators,params,split0_test_score,split1_test_score,split2_test_score,mean_test_score,std_test_score,rank_test_score,split0_train_score,split1_train_score,split2_train_score,mean_train_score,std_train_score
0,0.03466590245564779,0.0013262944237846842,0.0024434725443522134,0.0002609062151056725,10,{'model__n_estimators': 10},0.6853932584269663,0.704119850187266,0.706766917293233,0.6987600086358218,0.009513297690612741,11,1.0,1.0,1.0,1.0,0.0
1,0.06701000531514485,0.0005468244098993168,0.003847996393839518,0.00025482000565595075,20,{'model__n_estimators': 20},0.6853932584269663,0.6891385767790262,0.706766917293233,0.6937662508330752,0.009319150486883596,12,1.0,1.0,1.0,1.0,0.0
2,0.10126018524169922,0.0025105604154521863,0.005563974380493164,0.0011203816611783685,30,{'model__n_estimators': 30},0.700374531835206,0.7116104868913857,0.7255639097744361,0.7125163095003426,0.010303448490368499,10,1.0,1.0,1.0,1.0,0.0
3,0.13144254684448242,0.0014125111217280174,0.005910396575927734,3.806542581365103e-05,40,{'model__n_estimators': 40},0.7116104868913857,0.7378277153558053,0.7180451127819549,0.7224944383430486,0.011155959261021108,7,1.0,1.0,1.0,1.0,0.0
4,0.16669321060180664,0.002440888527213968,0.007371107737223308,0.00029553296979091775,50,{'model__n_estimators': 50},0.7153558052434457,0.7340823970037453,0.7142857142857143,0.7212413055109684,0.009090526083377687,8,1.0,1.0,1.0,1.0,0.0
5,0.1977090835571289,0.0047882161304738475,0.008479038874308268,0.0003254166055315089,60,{'model__n_estimators': 60},0.7191011235955056,0.7116104868913857,0.7218045112781954,0.7175053739216956,0.004311948211332195,9,1.0,1.0,1.0,1.0,0.0
6,0.22129368782043457,0.005928558316708035,0.009491920471191406,0.0003402149305890586,70,{'model__n_estimators': 70},0.7153558052434457,0.7303370786516854,0.7293233082706767,0.7250053973886027,0.006835832259608594,6,1.0,1.0,1.0,1.0,0.0
7,0.24836039543151855,0.005462401456061457,0.010490338007609049,0.0002499147121131476,80,{'model__n_estimators': 80},0.7303370786516854,0.7340823970037453,0.7406015037593985,0.7350069931382764,0.004241129111212015,4,1.0,1.0,1.0,1.0,0.0
8,0.27981042861938477,0.002088671546993377,0.011682589848836264,0.0001479727880206486,90,{'model__n_estimators': 90},0.7340823970037453,0.7340823970037453,0.7556390977443609,0.7412679639172839,0.010161926182465551,2,1.0,1.0,1.0,1.0,0.0
9,0.3253677686055501,0.008345671821311124,0.013888279596964518,0.0004290581232343024,100,{'model__n_estimators': 100},0.7265917602996255,0.7153558052434457,0.7669172932330827,0.736288286258718,0.022138408896197965,3,1.0,1.0,1.0,1.0,0.0
10,0.36171261469523114,0.004134444278666812,0.01566171646118164,0.001017001271243497,110,{'model__n_estimators': 110},0.7490636704119851,0.7453183520599251,0.7443609022556391,0.7462476415758498,0.0020292348864191776,1,1.0,1.0,1.0,1.0,0.0
11,0.3826807339986165,0.019950003991974063,0.015216986338297525,0.0002964135462228289,120,{'model__n_estimators': 120},0.7191011235955056,0.7340823970037453,0.7443609022556391,0.7325148076182967,0.010371663539045945,5,1.0,1.0,1.0,1.0,0.0
0,0.03141212463378906,0.0004456650197830072,0.0021396478017171225,5.95675458953969e-06,10,{'model__n_estimators': 10},0.6928838951310862,0.6891385767790262,0.6842105263157895,0.6887443327419672,0.0035518448654286335,12,1.0,1.0,1.0,1.0,0.0
1,0.06477499008178711,0.0032751850025208883,0.003328084945678711,6.990368770360455e-05,20,{'model__n_estimators': 20},0.700374531835206,0.7340823970037453,0.6954887218045113,0.709981883547821,0.017157968926874885,10,1.0,1.0,1.0,1.0,0.0
2,0.0943143367767334,0.0024074322606525245,0.004488468170166016,0.00010237461695107991,30,{'model__n_estimators': 30},0.7228464419475655,0.700374531835206,0.7293233082706767,0.7175147606844826,0.01240505362331676,8,1.0,1.0,1.0,1.0,0.0
3,0.12397042910257976,0.000959721196734853,0.00577998161315918,3.895937589876531e-05,40,{'model__n_estimators': 40},0.7303370786516854,0.6928838951310862,0.7180451127819549,0.7137553621882421,0.015588173061098077,9,1.0,1.0,1.0,1.0,0.0
4,0.15697590510050455,0.003885826182909042,0.007164398829142253,0.0002146823352345593,50,{'model__n_estimators': 50},0.7265917602996255,0.6928838951310862,0.706766917293233,0.7087475242413149,0.013832260515842394,11,1.0,1.0,1.0,1.0,0.0
5,0.18897438049316406,0.00231540046485064,0.008086760838826498,8.07206426723362e-05,60,{'model__n_estimators': 60},0.7752808988764045,0.7153558052434457,0.7593984962406015,0.7500117334534839,0.025348736963222093,2,1.0,1.0,1.0,1.0,0.0
6,0.21874372164408365,0.005620518286199682,0.009480635325113932,0.00021287653663845538,70,{'model__n_estimators': 70},0.7602996254681648,0.7228464419475655,0.7631578947368421,0.7487679873841908,0.018366406183942433,3,1.0,1.0,1.0,1.0,0.0
7,0.24636133511861166,0.0035745810947795595,0.010496695836385092,6.535172659498931e-05,80,{'model__n_estimators': 80},0.7340823970037453,0.7303370786516854,0.7255639097744361,0.7299944618099556,0.003486086238573175,7,1.0,1.0,1.0,1.0,0.0
8,0.2819724877675374,0.004139907609845618,0.011999130249023438,0.000410346196118217,90,{'model__n_estimators': 90},0.7528089887640449,0.7116104868913857,0.7443609022556391,0.7362601259703565,0.017767874970594583,6,1.0,1.0,1.0,1.0,0.0
9,0.31019965807596844,0.001359346915324685,0.012852668762207031,0.00020302243818427122,100,{'model__n_estimators': 100},0.7378277153558053,0.7378277153558053,0.7518796992481203,0.7425117099865769,0.006624168732920044,4,1.0,1.0,1.0,1.0,0.0
10,0.3410164515177409,0.0037722637128287766,0.015334685643513998,0.001989582517960049,110,{'model__n_estimators': 110},0.7677902621722846,0.7303370786516854,0.7631578947368421,0.7537617451869374,0.016671351849406272,1,1.0,1.0,1.0,1.0,0.0
11,0.3690796693166097,0.006113279925762966,0.015357653299967447,0.00019590380706636682,120,{'model__n_estimators': 120},0.7565543071161048,0.7303370786516854,0.7330827067669173,0.7399913641782359,0.011765285872971548,5,1.0,1.0,1.0,1.0,0.0
0,0.03133074442545573,0.0004350026233682011,0.0022013982137044272,0.00011003981016880941,10,{'model__n_estimators': 10},0.7303370786516854,0.704119850187266,0.7105263157894737,0.7149944148761417,0.01115971024639092,12,1.0,1.0,1.0,1.0,0.0
1,0.0637041727701823,0.002253076952990364,0.0033655166625976562,5.7137283166304815e-05,20,{'model__n_estimators': 20},0.7415730337078652,0.7228464419475655,0.7180451127819549,0.7274881961457952,0.010150539470115495,11,1.0,1.0,1.0,1.0,0.0
2,0.09549172719319661,0.0019482862017952715,0.00449824333190918,5.659148446745762e-05,30,{'model__n_estimators': 30},0.7640449438202247,0.7378277153558053,0.7293233082706767,0.7437319891489022,0.01477708429916171,6,1.0,1.0,1.0,1.0,0.0
3,0.12388857205708821,0.0010794664458772226,0.005554358164469401,2.144029879437144e-05,40,{'model__n_estimators': 40},0.7415730337078652,0.7565543071161048,0.6992481203007519,0.732458487041574,0.024266657269156142,10,1.0,1.0,1.0,1.0,0.0
4,0.1635442574818929,0.0007453856150835163,0.007046143213907878,0.00013564604071254226,50,{'model__n_estimators': 50},0.7490636704119851,0.7677902621722846,0.7556390977443609,0.7574976767762102,0.007757235192706754,1,1.0,1.0,1.0,1.0,0.0
5,0.18674166997273764,0.001509823426657901,0.008062998453776041,9.223077890570509e-05,60,{'model__n_estimators': 60},0.7565543071161048,0.7602996254681648,0.7030075187969925,0.7399538171270873,0.02616968440278237,8,1.0,1.0,1.0,1.0,0.0
6,0.22097857793172201,0.002503001177037922,0.009720087051391602,0.00042523253045538236,70,{'model__n_estimators': 70},0.7453183520599251,0.7640449438202247,0.7330827067669173,0.7474820008823557,0.01273253216519018,4,1.0,1.0,1.0,1.0,0.0
7,0.25691763559977215,0.0012118334937524019,0.0120088259379069,0.002141519477659816,80,{'model__n_estimators': 80},0.7715355805243446,0.7490636704119851,0.7406015037593985,0.7537335848985761,0.013053361056549086,3,1.0,1.0,1.0,1.0,0.0
8,0.28214001655578613,0.006150368787203819,0.011591911315917969,0.00020240328522184837,90,{'model__n_estimators': 90},0.7640449438202247,0.7415730337078652,0.7255639097744361,0.7437272957675086,0.01578349621333415,7,1.0,1.0,1.0,1.0,0.0
9,0.31409676869710285,0.001011419634848224,0.012712399164835611,0.00011302186297127112,100,{'model__n_estimators': 100},0.7602996254681648,0.7378277153558053,0.7406015037593985,0.7462429481944562,0.010003869501676964,5,1.0,1.0,1.0,1.0,0.0
10,0.34524257977803546,0.004229167055842401,0.014133294423421225,0.0003404647547708981,110,{'model__n_estimators': 110},0.7565543071161048,0.7153558052434457,0.7255639097744361,0.7324913407113288,0.01751801194346245,9,1.0,1.0,1.0,1.0,0.0
11,0.37468798955281574,0.001175216751732289,0.01510159174601237,0.00032745917877213983,120,{'model__n_estimators': 120},0.7902621722846442,0.7528089887640449,0.7293233082706767,0.7574648231064552,0.0250950709887577,2,1.0,1.0,1.0,1.0,0.0
0,0.03149970372517904,0.0007845446635627217,0.002090295155843099,8.638813172468307e-06,10,{'model__n_estimators': 10},0.700374531835206,0.6704119850187266,0.6654135338345865,0.6787333502295064,0.015438084607623527,12,1.0,1.0,1.0,1.0,0.0
1,0.062264601389567055,0.0009112473565915969,0.0032962958017985025,3.3093743143617935e-05,20,{'model__n_estimators': 20},0.7191011235955056,0.6891385767790262,0.6992481203007519,0.7024959402250945,0.012445877594024119,11,1.0,1.0,1.0,1.0,0.0
2,0.09904042879740398,0.007182720755193898,0.004584391911824544,0.00013494159266046218,30,{'model__n_estimators': 30},0.7303370786516854,0.704119850187266,0.7030075187969925,0.7124881492119813,0.012629265797823159,10,1.0,1.0,1.0,1.0,0.0
3,0.12423038482666016,0.0020765142031225333,0.00565338134765625,5.26352775622076e-05,40,{'model__n_estimators': 40},0.7228464419475655,0.7191011235955056,0.7293233082706767,0.723756957937916,0.00422256197190273,8,1.0,1.0,1.0,1.0,0.0
4,0.15441560745239258,0.0016177416651841764,0.0068730513254801435,1.3443839043801946e-05,50,{'model__n_estimators': 50},0.7453183520599251,0.7565543071161048,0.7218045112781954,0.7412257234847418,0.014478703537377496,1,1.0,1.0,1.0,1.0,0.0
5,0.18827621142069498,0.005632954865576395,0.008404731750488281,0.0005281482245590405,60,{'model__n_estimators': 60},0.7565543071161048,0.7303370786516854,0.7255639097744361,0.7374850985140754,0.01362404303216607,3,1.0,1.0,1.0,1.0,0.0
6,0.22299695014953613,0.0010573029888417754,0.009493350982666016,4.6799731028281634e-05,70,{'model__n_estimators': 70},0.7453183520599251,0.7116104868913857,0.7631578947368421,0.7400289112293844,0.02137393197520911,2,1.0,1.0,1.0,1.0,0.0
7,0.25058523813883465,0.00751268254830539,0.010474363962809244,0.0002541041260255598,80,{'model__n_estimators': 80},0.7340823970037453,0.6966292134831461,0.7255639097744361,0.7187585067537757,0.016029563763291253,9,1.0,1.0,1.0,1.0,0.0
8,0.2795392672220866,0.0026183652164341554,0.0115663210550944,1.7381497499058177e-05,90,{'model__n_estimators': 90},0.7378277153558053,0.7265917602996255,0.7180451127819549,0.7274881961457952,0.008101050922296073,5,1.0,1.0,1.0,1.0,0.0
9,0.3108356793721517,0.005508626023474465,0.01274434725443522,0.0002350094029130432,100,{'model__n_estimators': 100},0.7303370786516854,0.7378277153558053,0.7293233082706767,0.7324960340927223,0.0037927168287551567,4,1.0,1.0,1.0,1.0,0.0
10,0.33983492851257324,0.004063842701540773,0.013814051946004232,3.3327661730326155e-05,110,{'model__n_estimators': 110},0.7303370786516854,0.7116104868913857,0.7330827067669173,0.7250100907699961,0.009541022185438404,7,1.0,1.0,1.0,1.0,0.0
11,0.3725572427113851,0.006331254457667994,0.014991044998168945,9.566518871670439e-05,120,{'model__n_estimators': 120},0.7340823970037453,0.7116104868913857,0.7330827067669173,0.7262585302206829,0.010365768187488586,6,1.0,1.0,1.0,1.0,0.0
0,0.033354759216308594,0.001444426306541466,0.002318302790323893,0.0001547273921302059,10,{'model__n_estimators': 10},0.6704119850187266,0.7116104868913857,0.6729323308270677,0.6849849342457267,0.018855203985698964,12,1.0,1.0,1.0,1.0,0.0
1,0.0641342004140218,0.0012419545369915593,0.0033489863077799478,9.690795507840171e-05,20,{'model__n_estimators': 20},0.7116104868913857,0.7415730337078652,0.7105263157894737,0.7212366121295748,0.014386831680441201,8,1.0,1.0,1.0,1.0,0.0
2,0.09377837181091309,0.00037427257061575873,0.004584391911824544,6.68100685113924e-05,30,{'model__n_estimators': 30},0.7228464419475655,0.7565543071161048,0.706766917293233,0.728722555452301,0.020745964728657498,7,1.0,1.0,1.0,1.0,0.0
3,0.12763563791910806,0.0028289282290851515,0.00574795405069987,0.00018364116143613075,40,{'model__n_estimators': 40},0.7378277153558053,0.7453183520599251,0.7105263157894737,0.731224127735068,0.014951632554332614,5,1.0,1.0,1.0,1.0,0.0
4,0.15946690241495767,0.0030517498796909597,0.006847778956095378,2.1164564075218395e-05,50,{'model__n_estimators': 50},0.7153558052434457,0.7415730337078652,0.6992481203007519,0.718725653084021,0.017442600715516062,11,1.0,1.0,1.0,1.0,0.0
5,0.18739104270935059,0.0017107229462292376,0.008065064748128256,0.00022394382987360388,60,{'model__n_estimators': 60},0.7078651685393258,0.7528089887640449,0.7030075187969925,0.7212272253667877,0.022419560279884267,9,1.0,1.0,1.0,1.0,0.0
6,0.21522212028503418,0.0006604592567234816,0.00919326146443685,0.0001282057098853706,70,{'model__n_estimators': 70},0.7078651685393258,0.7528089887640449,0.6992481203007519,0.7199740925347076,0.023482776495124993,10,1.0,1.0,1.0,1.0,0.0
7,0.25113638242085773,0.0014892839057585614,0.011453946431477865,0.001602402754465878,80,{'model__n_estimators': 80},0.7228464419475655,0.7715355805243446,0.706766917293233,0.7337163132550476,0.027536164231390964,4,1.0,1.0,1.0,1.0,0.0
8,0.28795425097147626,0.009635219895049384,0.01170953114827474,0.00022651039333077263,90,{'model__n_estimators': 90},0.7415730337078652,0.7640449438202247,0.7255639097744361,0.7437272957675086,0.01578349621333415,3,1.0,1.0,1.0,1.0,0.0
9,0.3099360466003418,0.003850880802617429,0.012911240259806315,0.0003533526538518405,100,{'model__n_estimators': 100},0.7191011235955056,0.7453183520599251,0.7255639097744361,0.7299944618099556,0.011152222815608771,6,1.0,1.0,1.0,1.0,0.0
10,0.33855001131693524,0.0011436115461024964,0.013808488845825195,0.00010470512318892805,110,{'model__n_estimators': 110},0.7790262172284644,0.7602996254681648,0.7368421052631579,0.758722649319929,0.01725765464761379,1,1.0,1.0,1.0,1.0,0.0
11,0.3715652624766032,0.007144707139664002,0.015222708384195963,8.954246285094562e-05,120,{'model__n_estimators': 120},0.7602996254681648,0.7602996254681648,0.7218045112781954,0.7474679207381749,0.018146770857518528,2,1.0,1.0,1.0,1.0,0.0
0,0.03187227249145508,0.0005748761910497581,0.0021560192108154297,5.9511429694776756e-05,10,{'model__n_estimators': 10},0.6928838951310862,0.6779026217228464,0.6879699248120301,0.6862521472219876,0.006235527677203005,12,1.0,1.0,1.0,1.0,0.0
1,0.0632170041402181,0.0008118926731955719,0.003567218780517578,0.00012686213537078518,20,{'model__n_estimators': 20},0.7303370786516854,0.6591760299625468,0.6917293233082706,0.6937474773075009,0.029086404863302797,11,1.0,1.0,1.0,1.0,0.0
2,0.09514133135477702,0.000969986766909242,0.004576047261555989,8.380366893958917e-05,30,{'model__n_estimators': 30},0.7340823970037453,0.6741573033707865,0.6879699248120301,0.698736541728854,0.025621530550235146,10,1.0,1.0,1.0,1.0,0.0
3,0.1292723814646403,0.002365851353575411,0.005738258361816406,2.4724363013617344e-05,40,{'model__n_estimators': 40},0.7191011235955056,0.6816479400749064,0.7030075187969925,0.7012521941558014,0.015340493525392216,9,1.0,1.0,1.0,1.0,0.0
4,0.15590270360310873,0.0020108608386338943,0.0068026383717854815,5.3507253357156064e-05,50,{'model__n_estimators': 50},0.7191011235955056,0.6928838951310862,0.7105263157894737,0.7075037781720219,0.010914442032633483,8,1.0,1.0,1.0,1.0,0.0
5,0.19140060742696127,0.003289383331569369,0.008150339126586914,0.00024741745651397164,60,{'model__n_estimators': 60},0.7415730337078652,0.700374531835206,0.7368421052631579,0.7262632236020764,0.018407673980114017,4,1.0,1.0,1.0,1.0,0.0
6,0.21863603591918945,0.0022072051993804504,0.009304364522298178,0.00018370017001626126,70,{'model__n_estimators': 70},0.7265917602996255,0.7228464419475655,0.6992481203007519,0.7162287741826475,0.012104098674474548,7,1.0,1.0,1.0,1.0,0.0
7,0.24951759974161783,0.0021353669611562875,0.010682106018066406,0.00043300415476041007,80,{'model__n_estimators': 80},0.7565543071161048,0.7340823970037453,0.7443609022556391,0.7449992021251631,0.009185214788527157,1,1.0,1.0,1.0,1.0,0.0
8,0.28168495496114093,0.007582621125720819,0.011702140172322592,8.615378508379578e-05,90,{'model__n_estimators': 90},0.7415730337078652,0.7191011235955056,0.6954887218045113,0.7187209597026274,0.018815761909287448,6,1.0,1.0,1.0,1.0,0.0
9,0.31492336591084796,0.008892492483477697,0.01294724146525065,0.00024433808901041604,100,{'model__n_estimators': 100},0.7378277153558053,0.7303370786516854,0.7293233082706767,0.7324960340927223,0.0037927168287551567,3,1.0,1.0,1.0,1.0,0.0
10,0.3413866360982259,0.004404527602708617,0.014051278432210287,0.00011356140522052417,110,{'model__n_estimators': 110},0.7340823970037453,0.7303370786516854,0.7406015037593985,0.7350069931382764,0.004241129111212015,2,1.0,1.0,1.0,1.0,0.0
11,0.377562681833903,0.010312920011032229,0.01665774981180827,0.001722317072904955,120,{'model__n_estimators': 120},0.7265917602996255,0.7265917602996255,0.7255639097744361,0.7262491434578956,0.00048453338427171405,5,1.0,1.0,1.0,1.0,0.0
0,0.031354427337646484,0.000987428499259143,0.0021061102549235025,2.05412361426558e-05,10,{'model__n_estimators': 10},0.6554307116104869,0.7153558052434457,0.6729323308270677,0.6812396158936668,0.025159656206090765,12,1.0,1.0,1.0,1.0,0.0
1,0.06308841705322266,0.0007955566780982231,0.00333253542582194,5.909265392671806e-05,20,{'model__n_estimators': 20},0.7078651685393258,0.7415730337078652,0.706766917293233,0.7187350398468081,0.016155123266797862,5,1.0,1.0,1.0,1.0,0.0
2,0.09399167696634929,0.0016610966077606048,0.004506111145019531,1.304275296262685e-05,30,{'model__n_estimators': 30},0.6928838951310862,0.7378277153558053,0.6992481203007519,0.7099865769292144,0.019857367770662115,10,1.0,1.0,1.0,1.0,0.0
3,0.12854766845703125,0.002178387254245122,0.00573428471883138,0.0001332314554689436,40,{'model__n_estimators': 40},0.6816479400749064,0.7565543071161048,0.6992481203007519,0.7124834558305877,0.031980426678081146,9,1.0,1.0,1.0,1.0,0.0
4,0.15514794985453287,0.0020166886089044494,0.006859699885050456,9.85432055188259e-05,50,{'model__n_estimators': 50},0.7078651685393258,0.7490636704119851,0.7255639097744361,0.7274975829085824,0.01687470410565603,3,1.0,1.0,1.0,1.0,0.0
5,0.1873649756113688,0.0017230285370311254,0.008118549982706705,0.0001301722259954184,60,{'model__n_estimators': 60},0.7191011235955056,0.7340823970037453,0.7030075187969925,0.7187303464654144,0.012688974758986088,6,1.0,1.0,1.0,1.0,0.0
6,0.2168440024058024,0.0026653259750402843,0.009240945180257162,7.79796025682326e-05,70,{'model__n_estimators': 70},0.7078651685393258,0.7565543071161048,0.7180451127819549,0.7274881961457952,0.020968816870129248,4,1.0,1.0,1.0,1.0,0.0
7,0.25185759862263996,0.0019215554622939515,0.010572989781697592,9.432648415200098e-05,80,{'model__n_estimators': 80},0.7153558052434457,0.7453183520599251,0.7255639097744361,0.7287460223592689,0.012437388078138831,2,1.0,1.0,1.0,1.0,0.0
8,0.2820916970570882,0.003979812181895972,0.011560678482055664,0.0001638615123471764,90,{'model__n_estimators': 90},0.7228464419475655,0.7303370786516854,0.6992481203007519,0.7174772136333343,0.013247698978924012,7,1.0,1.0,1.0,1.0,0.0
9,0.3192324638366699,0.0014279736816765602,0.013106028238932291,0.00013760647056128186,100,{'model__n_estimators': 100},0.6928838951310862,0.7415730337078652,0.7105263157894737,0.7149944148761417,0.020126781261516714,8,1.0,1.0,1.0,1.0,0.0
10,0.3434456984202067,0.007263849629291165,0.013953288396199545,0.00023329647474957987,110,{'model__n_estimators': 110},0.7340823970037453,0.7265917602996255,0.7406015037593985,0.7337585536875898,0.00572403609482139,1,1.0,1.0,1.0,1.0,0.0
11,0.3749893506368001,0.008427566353208371,0.015127182006835938,0.00011088078904195463,120,{'model__n_estimators': 120},0.6853932584269663,0.7303370786516854,0.706766917293233,0.7074990847906282,0.018355540417562374,11,1.0,1.0,1.0,1.0,0.0
0,0.03180464108784994,0.00029914038337481923,0.002144336700439453,2.2498259869358973e-05,10,{'model__n_estimators': 10},0.6704119850187266,0.7191011235955056,0.6992481203007519,0.6962537429716614,0.019989710278522907,12,1.0,1.0,1.0,1.0,0.0
1,0.06536300977071126,0.0021803633234359246,0.0034505526224772134,0.00012742743849422297,20,{'model__n_estimators': 20},0.6779026217228464,0.7265917602996255,0.7030075187969925,0.7025006336064882,0.01988048881499082,11,1.0,1.0,1.0,1.0,0.0
2,0.09415459632873535,0.0008450195763205151,0.0046549638112386065,0.00015625863861885451,30,{'model__n_estimators': 30},0.7078651685393258,0.7153558052434457,0.7142857142857143,0.7125022293561619,0.003307871765826913,8,1.0,1.0,1.0,1.0,0.0
3,0.12728444735209146,0.0012620484947555258,0.0058476924896240234,0.00014913814258874362,40,{'model__n_estimators': 40},0.6853932584269663,0.7153558052434457,0.7330827067669173,0.7112772568124431,0.019681578336441748,9,1.0,1.0,1.0,1.0,0.0
4,0.15878001848856607,0.002262774386894705,0.006996711095174153,7.15788889790204e-05,50,{'model__n_estimators': 50},0.7078651685393258,0.7078651685393258,0.7180451127819549,0.7112584832868688,0.00479887173737601,10,1.0,1.0,1.0,1.0,0.0
5,0.1918493111928304,0.004044090264990604,0.008131742477416992,0.0001043930389305551,60,{'model__n_estimators': 60},0.7228464419475655,0.7265917602996255,0.7368421052631579,0.7287601025034496,0.005915850395083696,7,1.0,1.0,1.0,1.0,0.0
6,0.22126062711079916,0.0011252700982759243,0.009557723999023438,0.00030816490601990877,70,{'model__n_estimators': 70},0.7378277153558053,0.7378277153558053,0.7255639097744361,0.7337397801620155,0.005781213393159724,6,1.0,1.0,1.0,1.0,0.0
7,0.25012024243672687,0.0030486022405854466,0.010428746541341146,0.00010882449410556247,80,{'model__n_estimators': 80},0.7453183520599251,0.7640449438202247,0.7330827067669173,0.7474820008823557,0.01273253216519018,4,1.0,1.0,1.0,1.0,0.0
8,0.28145726521809894,0.005640315400045435,0.011690378189086914,0.00011042118254401268,90,{'model__n_estimators': 90},0.7303370786516854,0.7565543071161048,0.7669172932330827,0.7512695596669575,0.015394250905369795,2,1.0,1.0,1.0,1.0,0.0
9,0.3136250972747803,0.009023605510812358,0.012719233830769857,0.00013490816978207627,100,{'model__n_estimators': 100},0.7453183520599251,0.7602996254681648,0.7368421052631579,0.7474866942637494,0.009698456732104012,3,1.0,1.0,1.0,1.0,0.0
10,0.3422692616780599,0.00247492912558353,0.013954401016235352,3.1619613320476664e-05,110,{'model__n_estimators': 110},0.7490636704119851,0.7677902621722846,0.7443609022556391,0.7537382782799695,0.010120036085755693,1,1.0,1.0,1.0,1.0,0.0
11,0.3778270085652669,0.0036006851592128002,0.01522048314412435,0.0001435684194318191,120,{'model__n_estimators': 120},0.7602996254681648,0.7340823970037453,0.7330827067669173,0.7424882430796091,0.01260116005469111,5,1.0,1.0,1.0,1.0,0.0
0,0.03699477513631185,0.005537300680667858,0.0024601618448893228,0.00038613468782132187,10,{'model__n_estimators': 10},0.6779026217228464,0.6966292134831461,0.650375939849624,0.6749692583518723,0.018996399587886764,12,1.0,1.0,1.0,1.0,0.0
1,0.06284562746683757,0.0004216901679350732,0.0033837159474690757,6.256730221421099e-05,20,{'model__n_estimators': 20},0.6741573033707865,0.7378277153558053,0.6766917293233082,0.6962255826833,0.029435340560883063,11,1.0,1.0,1.0,1.0,0.0
2,0.0944987138112386,0.0012430696636244417,0.004602352778116862,7.284883054880474e-05,30,{'model__n_estimators': 30},0.6891385767790262,0.7191011235955056,0.7255639097744361,0.7112678700496559,0.015868650788935977,10,1.0,1.0,1.0,1.0,0.0
3,0.12917256355285645,0.0004224115643536395,0.005866845448811849,0.00011554036465449597,40,{'model__n_estimators': 40},0.7191011235955056,0.7340823970037453,0.7406015037593985,0.7312616747862165,0.009001257029597786,8,1.0,1.0,1.0,1.0,0.0
4,0.15746601422627768,0.0006377559385072883,0.007036368052164714,6.315597705460016e-05,50,{'model__n_estimators': 50},0.7078651685393258,0.7265917602996255,0.7406015037593985,0.7250194775327833,0.013410716255652284,9,1.0,1.0,1.0,1.0,0.0
5,0.19206730524698892,0.004393629526568059,0.008218050003051758,0.00028835528782354415,60,{'model__n_estimators': 60},0.7228464419475655,0.7490636704119851,0.7556390977443609,0.7425164033679704,0.014165441465317475,4,1.0,1.0,1.0,1.0,0.0
6,0.2178033987681071,0.001382727541708448,0.009359598159790039,7.661686547053786e-05,70,{'model__n_estimators': 70},0.7191011235955056,0.7565543071161048,0.7443609022556391,0.7400054443224166,0.015597280731225238,6,1.0,1.0,1.0,1.0,0.0
7,0.25180864334106445,0.0017156996213527613,0.010714133580525717,0.0002483390422887721,80,{'model__n_estimators': 80},0.6966292134831461,0.7340823970037453,0.7706766917293233,0.7337961007387381,0.03023043425444011,7,1.0,1.0,1.0,1.0,0.0
8,0.2818276882171631,0.00389612601104365,0.011727015177408854,9.076211155090628e-05,90,{'model__n_estimators': 90},0.7228464419475655,0.7453183520599251,0.7556390977443609,0.7412679639172839,0.013690478482782863,5,1.0,1.0,1.0,1.0,0.0
9,0.3179388840993245,0.002432861549116928,0.01516286532084147,0.0028134611497565754,100,{'model__n_estimators': 100},0.7265917602996255,0.7528089887640449,0.7518796992481203,0.7437601494372634,0.01214581090848826,3,1.0,1.0,1.0,1.0,0.0
10,0.34526364008585614,0.0009418305299714149,0.014260053634643555,0.00020671106217848477,110,{'model__n_estimators': 110},0.7116104868913857,0.7602996254681648,0.7631578947368421,0.7450226690321308,0.023654779113430946,1,1.0,1.0,1.0,1.0,0.0
11,0.37866028149922687,0.0028529359270585753,0.015409390131632486,0.00032083938572026715,120,{'model__n_estimators': 120},0.7490636704119851,0.7265917602996255,0.7556390977443609,0.7437648428186572,0.01243637496901575,2,1.0,1.0,1.0,1.0,0.0
0,0.0321664015452067,0.0003049604041658728,0.0021365483601888022,1.1118818286438017e-05,10,{'model__n_estimators': 10},0.7153558052434457,0.704119850187266,0.7030075187969925,0.7074943914092348,0.005577376377532679,11,1.0,1.0,1.0,1.0,0.0
1,0.06305408477783203,0.0004622027283367044,0.0033775965372721353,1.5329818180312453e-05,20,{'model__n_estimators': 20},0.7265917602996255,0.6816479400749064,0.6766917293233082,0.6949771432326134,0.022446291682947307,12,1.0,1.0,1.0,1.0,0.0
2,0.09526403745015462,0.0027352908700924183,0.004820585250854492,0.0004497583501240784,30,{'model__n_estimators': 30},0.7265917602996255,0.6966292134831461,0.7218045112781954,0.7150084950203223,0.01314224563929585,10,1.0,1.0,1.0,1.0,0.0
3,0.12799406051635742,0.0016179680052094585,0.005959987640380859,0.00018514560001640394,40,{'model__n_estimators': 40},0.7490636704119851,0.7078651685393258,0.6954887218045113,0.7174725202519406,0.02290261534950071,9,1.0,1.0,1.0,1.0,0.0
4,0.15558838844299316,0.0009501895018920936,0.006894588470458984,7.04625394985945e-05,50,{'model__n_estimators': 50},0.7528089887640449,0.7191011235955056,0.706766917293233,0.7262256765509277,0.01946000218297005,7,1.0,1.0,1.0,1.0,0.0
5,0.18800139427185059,0.002694502111346287,0.008116563161214193,0.00014754820778773193,60,{'model__n_estimators': 60},0.7453183520599251,0.704119850187266,0.7218045112781954,0.7237475711751289,0.016875243217213756,8,1.0,1.0,1.0,1.0,0.0
6,0.215713103612264,0.0004453218418090454,0.009099006652832031,1.713078001061437e-05,70,{'model__n_estimators': 70},0.7490636704119851,0.7528089887640449,0.7105263157894737,0.7374663249885011,0.019110728646885504,5,1.0,1.0,1.0,1.0,0.0
7,0.2521429856618245,0.0017947423280080107,0.010976711908976236,0.0008087689176233734,80,{'model__n_estimators': 80},0.7528089887640449,0.7378277153558053,0.706766917293233,0.7324678738043611,0.019174879615845963,6,1.0,1.0,1.0,1.0,0.0
8,0.2842687765757243,0.0025053567340563815,0.011727253595987955,0.00012579110244097656,90,{'model__n_estimators': 90},0.7865168539325843,0.7528089887640449,0.7105263157894737,0.7499507194953677,0.0310887734209536,2,1.0,1.0,1.0,1.0,0.0
9,0.313828706741333,0.0037810836410683613,0.013230641682942709,0.0003957874003745038,100,{'model__n_estimators': 100},0.7602996254681648,0.7490636704119851,0.7293233082706767,0.7462288680502756,0.012803909171351125,3,1.0,1.0,1.0,1.0,0.0
10,0.34115107854207355,0.0037639082830141063,0.014303048451741537,0.0004920643855684062,110,{'model__n_estimators': 110},0.7528089887640449,0.7528089887640449,0.7293233082706767,0.7449804285995888,0.011071255958427511,4,1.0,1.0,1.0,1.0,0.0
11,0.3722697099049886,0.002814687418869593,0.015466928482055664,0.0004093238509882416,120,{'model__n_estimators': 120},0.7752808988764045,0.7528089887640449,0.7330827067669173,0.7537241981357888,0.017239490720878662,1,1.0,1.0,1.0,1.0,0.0
0,0.033031304677327476,0.0006828099523024818,0.0024227301279703775,0.00030926227961285276,10,{'model__n_estimators': 10},0.6928838951310862,0.704119850187266,0.6691729323308271,0.688725559216393,0.014566870748396665,12,1.0,1.0,1.0,1.0,0.0
1,0.06450692812601726,0.001128406872106473,0.0035006205240885415,0.00012368729611066828,20,{'model__n_estimators': 20},0.7116104868913857,0.7228464419475655,0.706766917293233,0.7137412820440615,0.006735131489155516,11,1.0,1.0,1.0,1.0,0.0
2,0.0940233866373698,0.001083314440473766,0.004541317621866862,0.00010187186911839797,30,{'model__n_estimators': 30},0.6891385767790262,0.7340823970037453,0.7293233082706767,0.7175147606844826,0.020158837452748816,10,1.0,1.0,1.0,1.0,0.0
3,0.1262043317159017,0.003228400559663297,0.005828301111857097,0.00013824280530203047,40,{'model__n_estimators': 40},0.7191011235955056,0.7340823970037453,0.7556390977443609,0.7362742061145373,0.014996864319121676,7,1.0,1.0,1.0,1.0,0.0
4,0.15543643633524576,0.0011930474645023598,0.0068883101145426435,3.086842908909191e-05,50,{'model__n_estimators': 50},0.7153558052434457,0.7528089887640449,0.7443609022556391,0.7375085654210433,0.016039557953759016,6,1.0,1.0,1.0,1.0,0.0
5,0.18734208742777506,0.003799727892834799,0.008084297180175781,0.0001514610515350616,60,{'model__n_estimators': 60},0.700374531835206,0.7415730337078652,0.7481203007518797,0.7300226220983171,0.021134073887502,8,1.0,1.0,1.0,1.0,0.0
6,0.2216040293375651,0.0005059482059633661,0.009311278661092123,0.00017350914710450284,70,{'model__n_estimators': 70},0.700374531835206,0.7490636704119851,0.7330827067669173,0.7275069696713695,0.020264495831481547,9,1.0,1.0,1.0,1.0,0.0
7,0.24882658322652182,0.0029782386490870266,0.010444402694702148,0.00026311698390809446,80,{'model__n_estimators': 80},0.704119850187266,0.7677902621722846,0.7443609022556391,0.7387570048717299,0.026293637887044592,5,1.0,1.0,1.0,1.0,0.0
8,0.27843761444091797,0.0017067148425554844,0.012128988901774088,0.00075484382276279,90,{'model__n_estimators': 90},0.7228464419475655,0.7940074906367042,0.7406015037593985,0.7524851454478894,0.03024223776409212,2,1.0,1.0,1.0,1.0,0.0
9,0.31184927622477215,0.0026987481927325876,0.013056755065917969,0.0003827131886530151,100,{'model__n_estimators': 100},0.7153558052434457,0.7602996254681648,0.7518796992481203,0.7425117099865769,0.01950736888462513,4,1.0,1.0,1.0,1.0,0.0
10,0.33771506945292157,0.002747523439335758,0.013890743255615234,0.00020786007571684122,110,{'model__n_estimators': 110},0.7191011235955056,0.7640449438202247,0.7481203007518797,0.74375545605587,0.018606014189202026,3,1.0,1.0,1.0,1.0,0.0
11,0.3693238099416097,0.001248018767508432,0.017976681391398113,0.0028673115489853598,120,{'model__n_estimators': 120},0.7640449438202247,0.7453183520599251,0.7631578947368421,0.7575070635389972,0.008626325199030081,1,1.0,1.0,1.0,1.0,0.0
0,0.03244423866271973,0.0002521035695434143,0.0021854241689046225,2.5061813874303126e-05,10,{'model__n_estimators': 10},0.6554307116104869,0.6704119850187266,0.7180451127819549,0.6812959364703896,0.026695643938253293,12,1.0,1.0,1.0,1.0,0.0
1,0.0633684794108073,0.00046588049169104834,0.0034195582071940103,0.00011239142744153027,20,{'model__n_estimators': 20},0.6928838951310862,0.6629213483146067,0.7030075187969925,0.6862709207475618,0.01702006342788,11,1.0,1.0,1.0,1.0,0.0
2,0.09264938036600749,0.0005580680520930471,0.004727681477864583,0.00021841730055124298,30,{'model__n_estimators': 30},0.7265917602996255,0.6816479400749064,0.6879699248120301,0.698736541728854,0.019864990544056743,10,1.0,1.0,1.0,1.0,0.0
3,0.12573965390523276,0.0017575434584056375,0.0057477156321207685,0.00012493623921264174,40,{'model__n_estimators': 40},0.7228464419475655,0.704119850187266,0.7180451127819549,0.7150038016389288,0.007941808771337966,9,1.0,1.0,1.0,1.0,0.0
4,0.15375192960103354,0.00100424526905327,0.00690468152364095,0.00011845354424192088,50,{'model__n_estimators': 50},0.7340823970037453,0.704119850187266,0.7443609022556391,0.7275210498155501,0.017070911430176722,8,1.0,1.0,1.0,1.0,0.0
5,0.1911334991455078,0.005328174077924349,0.008355855941772461,0.00022916610601684642,60,{'model__n_estimators': 60},0.7265917602996255,0.7415730337078652,0.7669172932330827,0.7450273624135244,0.01664304542838422,5,1.0,1.0,1.0,1.0,0.0
6,0.2150127092997233,0.0012710958894216692,0.009365240732828775,0.00011411699395984667,70,{'model__n_estimators': 70},0.7528089887640449,0.7415730337078652,0.7443609022556391,0.7462476415758497,0.00477713376080568,4,1.0,1.0,1.0,1.0,0.0
7,0.24811999003092447,0.0025975461421055956,0.010461648305257162,0.00021812075959784218,80,{'model__n_estimators': 80},0.7303370786516854,0.7565543071161048,0.7406015037593985,0.7424976298423962,0.010786789379633448,7,1.0,1.0,1.0,1.0,0.0
8,0.2857057253519694,0.010740664701409905,0.01161034901936849,0.00020633786978370634,90,{'model__n_estimators': 90},0.7602996254681648,0.7415730337078652,0.7669172932330827,0.7562633174697041,0.010733179380289932,3,1.0,1.0,1.0,1.0,0.0
9,0.30963969230651855,0.0030592011226571376,0.012810627619425455,0.0003539629456694127,100,{'model__n_estimators': 100},0.7415730337078652,0.7453183520599251,0.7443609022556391,0.7437507626744765,0.0015887217337522675,6,1.0,1.0,1.0,1.0,0.0
10,0.3387703100840251,0.003354892515095956,0.013924678166707357,6.101321448538855e-05,110,{'model__n_estimators': 110},0.7752808988764045,0.7528089887640449,0.7631578947368421,0.7637492607924306,0.009183643844112898,1,1.0,1.0,1.0,1.0,0.0
11,0.37462417284647626,0.006543894174702556,0.015560150146484375,8.819489639471916e-05,120,{'model__n_estimators': 120},0.7677902621722846,0.7415730337078652,0.7744360902255639,0.761266462035238,0.014187203085702814,2,1.0,1.0,1.0,1.0,0.0
0,0.03148738543192545,0.0007485690699241223,0.002112309137980143,3.243680655323271e-05,10,{'model__n_estimators': 10},0.7265917602996255,0.6853932584269663,0.7180451127819549,0.7100100438361823,0.017752950719253514,12,1.0,1.0,1.0,1.0,0.0
1,0.0635376771291097,0.0010749070959834878,0.0033963521321614585,1.8307414603765927e-05,20,{'model__n_estimators': 20},0.7378277153558053,0.7228464419475655,0.7142857142857143,0.7249866238630284,0.009729396609228369,9,1.0,1.0,1.0,1.0,0.0
2,0.09563120206197102,0.001637282376982547,0.004623810450236003,1.5726391815287658e-05,30,{'model__n_estimators': 30},0.7415730337078652,0.7116104868913857,0.706766917293233,0.7199834792974946,0.01539364991031042,10,1.0,1.0,1.0,1.0,0.0
3,0.12922374407450357,0.006514886393569351,0.0058142344156901045,6.802171153611844e-05,40,{'model__n_estimators': 40},0.7228464419475655,0.7078651685393258,0.7218045112781954,0.7175053739216956,0.006829913359169704,11,1.0,1.0,1.0,1.0,0.0
4,0.15745155016581217,0.0019407011593236814,0.00702675183614095,0.0001229587175613947,50,{'model__n_estimators': 50},0.7228464419475655,0.7116104868913857,0.7481203007518797,0.7275257431969436,0.015267908002709562,8,1.0,1.0,1.0,1.0,0.0
5,0.1913634936014811,0.0023919331112163813,0.00812832514444987,0.00013572424213835214,60,{'model__n_estimators': 60},0.7415730337078652,0.7265917602996255,0.7406015037593985,0.7362554325889631,0.006844749286714855,5,1.0,1.0,1.0,1.0,0.0
6,0.21587848663330078,0.0028684605245171534,0.009106636047363281,8.469555062300132e-05,70,{'model__n_estimators': 70},0.7490636704119851,0.7153558052434457,0.7406015037593985,0.7350069931382764,0.014318495157720402,6,1.0,1.0,1.0,1.0,0.0
7,0.2562919457753499,0.006845109589798369,0.0105589230855306,8.213426812129793e-05,80,{'model__n_estimators': 80},0.7453183520599251,0.7265917602996255,0.7593984962406015,0.7437695362000506,0.013437995974129511,3,1.0,1.0,1.0,1.0,0.0
8,0.2847801049550374,0.0028301252543907825,0.01162425676981608,0.00031392127650781826,90,{'model__n_estimators': 90},0.7490636704119851,0.7490636704119851,0.7556390977443609,0.751255479522777,0.0030996861706148733,1,1.0,1.0,1.0,1.0,0.0
9,0.31038721402486164,0.006708310156291724,0.012689828872680664,2.4565985228337816e-05,100,{'model__n_estimators': 100},0.7490636704119851,0.7228464419475655,0.7330827067669173,0.7349976063754893,0.01078844744690895,7,1.0,1.0,1.0,1.0,0.0
10,0.34105904897054035,0.006373410193439176,0.016243696212768555,0.002881099914792482,110,{'model__n_estimators': 110},0.7528089887640449,0.7340823970037453,0.7518796992481203,0.7462570283386368,0.008617119814899224,2,1.0,1.0,1.0,1.0,0.0
11,0.3722695509592692,0.004453151501456143,0.015328407287597656,9.437461484755614e-05,120,{'model__n_estimators': 120},0.7602996254681648,0.7191011235955056,0.7406015037593985,0.7400007509410229,0.016824581561898547,4,1.0,1.0,1.0,1.0,0.0
0,0.03223872184753418,0.0003635878380527148,0.0021802584330240884,3.150635344864368e-05,10,{'model__n_estimators': 10},0.700374531835206,0.7228464419475655,0.7368421052631579,0.7200210263486432,0.015021278416760224,11,1.0,1.0,1.0,1.0,0.0
1,0.06583523750305176,0.002107361343213233,0.0033866564432779946,2.610027132998393e-05,20,{'model__n_estimators': 20},0.7153558052434457,0.7228464419475655,0.7180451127819549,0.7187491199909887,0.0030982929892717365,12,1.0,1.0,1.0,1.0,0.0
2,0.09560783704121907,0.0017355079123015126,0.004635969797770183,0.00020276640073858278,30,{'model__n_estimators': 30},0.7228464419475655,0.7228464419475655,0.7518796992481203,0.7325241943810837,0.013686408744770723,7,1.0,1.0,1.0,1.0,0.0
3,0.12682223320007324,0.0023985542857149077,0.005745808283487956,0.00011326552708477441,40,{'model__n_estimators': 40},0.7265917602996255,0.7228464419475655,0.7518796992481203,0.7337726338317704,0.012894603933003618,5,1.0,1.0,1.0,1.0,0.0
4,0.15560388565063477,0.0008660021832464327,0.006846427917480469,7.68945813349426e-05,50,{'model__n_estimators': 50},0.7265917602996255,0.7415730337078652,0.7406015037593985,0.7362554325889631,0.006844749286714855,3,1.0,1.0,1.0,1.0,0.0
5,0.19056940078735352,0.0037674093038574763,0.008167346318562826,0.0001409552380702873,60,{'model__n_estimators': 60},0.7191011235955056,0.7378277153558053,0.7368421052631579,0.7312569814048229,0.008604902328476776,10,1.0,1.0,1.0,1.0,0.0
6,0.21752556165059408,0.0013245783606256577,0.009165684382120768,9.333233904588763e-05,70,{'model__n_estimators': 70},0.704119850187266,0.7378277153558053,0.7556390977443609,0.7325288877624775,0.021363776158257033,6,1.0,1.0,1.0,1.0,0.0
7,0.25136605898539227,0.005063130805821944,0.010513385136922201,0.0001432637559732237,80,{'model__n_estimators': 80},0.7490636704119851,0.7640449438202247,0.7330827067669173,0.7487304403330425,0.012642476354217792,2,1.0,1.0,1.0,1.0,0.0
8,0.28241507212320965,0.002517097862979633,0.01158285140991211,0.0002166680570847952,90,{'model__n_estimators': 90},0.7116104868913857,0.7453183520599251,0.7481203007518797,0.7350163799010635,0.016589948760287552,4,1.0,1.0,1.0,1.0,0.0
9,0.3188962936401367,0.004136386000935444,0.012748638788859049,4.517359265501574e-05,100,{'model__n_estimators': 100},0.7078651685393258,0.7453183520599251,0.7443609022556391,0.7325148076182967,0.017434309231599977,8,1.0,1.0,1.0,1.0,0.0
10,0.34661865234375,0.0066880038985241055,0.014068921407063803,0.00028393002439856645,110,{'model__n_estimators': 110},0.7340823970037453,0.7340823970037453,0.7293233082706767,0.7324960340927223,0.002243455943614215,9,1.0,1.0,1.0,1.0,0.0
11,0.37363767623901367,0.004377749088756603,0.015319506327311197,0.0003453961616096088,120,{'model__n_estimators': 120},0.7116104868913857,0.7677902621722846,0.7669172932330827,0.7487726807655842,0.02628005592142511,1,1.0,1.0,1.0,1.0,0.0
0,0.03151790301005045,0.0005070859338202654,0.002156972885131836,6.568796034661747e-05,10,{'model__n_estimators': 10},0.6853932584269663,0.6816479400749064,0.6842105263157895,0.6837505749392206,0.0015632271835692695,12,1.0,1.0,1.0,1.0,0.0
1,0.06293145815531413,0.0008491474273299992,0.003391901652018229,6.439989415804955e-05,20,{'model__n_estimators': 20},0.7116104868913857,0.7153558052434457,0.6766917293233082,0.7012193404860465,0.017410909116651222,11,1.0,1.0,1.0,1.0,0.0
2,0.09725697835286458,0.002691544839320665,0.004668474197387695,0.00011284177810250138,30,{'model__n_estimators': 30},0.700374531835206,0.7378277153558053,0.6917293233082706,0.7099771901664272,0.020007060797156608,9,1.0,1.0,1.0,1.0,0.0
3,0.12792325019836426,0.0026743960571183837,0.005700826644897461,6.926158892282132e-05,40,{'model__n_estimators': 40},0.7265917602996255,0.7191011235955056,0.6842105263157895,0.7099678034036402,0.01846808782365797,10,1.0,1.0,1.0,1.0,0.0
4,0.15791678428649902,0.0029257730649268504,0.006891091664632161,3.491690535539294e-05,50,{'model__n_estimators': 50},0.7528089887640449,0.7490636704119851,0.7255639097744361,0.742478856316822,0.012058010194842804,5,1.0,1.0,1.0,1.0,0.0
5,0.19101834297180176,0.002159321124883376,0.008279959360758463,0.00014254591165333518,60,{'model__n_estimators': 60},0.7453183520599251,0.7490636704119851,0.7030075187969925,0.7324631804229677,0.0208843458720884,8,1.0,1.0,1.0,1.0,0.0
6,0.22028501828511557,0.005800699512563847,0.011470476786295572,0.0022538473390874515,70,{'model__n_estimators': 70},0.7528089887640449,0.7415730337078652,0.7218045112781954,0.7387288445833685,0.012816303806078809,7,1.0,1.0,1.0,1.0,0.0
7,0.25142725308736164,0.004584241985548727,0.010425408681233725,0.00010896126132169481,80,{'model__n_estimators': 80},0.7528089887640449,0.7640449438202247,0.7293233082706767,0.7487257469516487,0.01446611308271354,3,1.0,1.0,1.0,1.0,0.0
8,0.28188490867614746,0.005486410930642643,0.011739015579223633,0.00020999168925209223,90,{'model__n_estimators': 90},0.7303370786516854,0.7565543071161048,0.7481203007518797,0.7450038955065565,0.010927633270100134,4,1.0,1.0,1.0,1.0,0.0
9,0.3107150395711263,0.0055336140228976856,0.01290599505106608,0.00021206537048563986,100,{'model__n_estimators': 100},0.7453183520599251,0.7602996254681648,0.7556390977443609,0.7537523584241503,0.006259897612577412,2,1.0,1.0,1.0,1.0,0.0
10,0.3446481227874756,0.007420153484316388,0.014233271280924479,0.00031742920648540347,110,{'model__n_estimators': 110},0.7565543071161048,0.7752808988764045,0.7443609022556391,0.7587320360827161,0.012716614469426714,1,1.0,1.0,1.0,1.0,0.0
11,0.3764800230662028,0.006463178260090651,0.016935030619303387,0.00198622754755965,120,{'model__n_estimators': 120},0.7340823970037453,0.7565543071161048,0.7293233082706767,0.7399866707968424,0.011875104527197942,6,1.0,1.0,1.0,1.0,0.0
0,0.03175473213195801,0.00051682010295067,0.002124230066935221,1.3688262871382956e-05,10,{'model__n_estimators': 10},0.6666666666666666,0.7191011235955056,0.6954887218045113,0.6937521706888945,0.021441467233508527,11,1.0,1.0,1.0,1.0,0.0
1,0.06262898445129395,0.0007075216654190593,0.0033353169759114585,6.493229316460886e-05,20,{'model__n_estimators': 20},0.6891385767790262,0.7378277153558053,0.6842105263157895,0.703725606150207,0.024197614338951748,10,1.0,1.0,1.0,1.0,0.0
2,0.09602578481038411,0.0022100899063182905,0.004557212193806966,6.576214670158762e-05,30,{'model__n_estimators': 30},0.700374531835206,0.6591760299625468,0.6954887218045113,0.6850130945340881,0.018378124934633634,12,1.0,1.0,1.0,1.0,0.0
3,0.12740492820739746,0.0034857527548620036,0.005643685658772786,6.24606119945875e-05,40,{'model__n_estimators': 40},0.704119850187266,0.6816479400749064,0.7406015037593985,0.708789764673857,0.024293164247848557,9,1.0,1.0,1.0,1.0,0.0
4,0.15534869829813638,0.0027195457614677837,0.0068043867746988935,3.375473477183451e-05,50,{'model__n_estimators': 50},0.700374531835206,0.7415730337078652,0.7443609022556391,0.7287694892662367,0.02011049905550917,4,1.0,1.0,1.0,1.0,0.0
5,0.18784197171529135,0.0012141740794335142,0.008263349533081055,0.00019550391328895523,60,{'model__n_estimators': 60},0.6966292134831461,0.7378277153558053,0.7443609022556391,0.7262726103648635,0.02113005547843008,6,1.0,1.0,1.0,1.0,0.0
6,0.21477206548055014,0.0015882251136542763,0.00924070676167806,0.00011603407657937936,70,{'model__n_estimators': 70},0.7153558052434457,0.7191011235955056,0.7556390977443609,0.730032008861104,0.018171389658761767,3,1.0,1.0,1.0,1.0,0.0
7,0.25256141026814777,0.006399323183401538,0.01068425178527832,0.00032678001020996486,80,{'model__n_estimators': 80},0.7078651685393258,0.7228464419475655,0.7518796992481203,0.7275304365783372,0.01827155499047041,5,1.0,1.0,1.0,1.0,0.0
8,0.2803359826405843,0.0036503392666018108,0.011911233266194662,0.0002874292182140551,90,{'model__n_estimators': 90},0.7490636704119851,0.704119850187266,0.7593984962406015,0.7375273389466175,0.0239964912036685,1,1.0,1.0,1.0,1.0,0.0
9,0.3088812828063965,0.005333414771939961,0.01269825299580892,0.00013840348540164823,100,{'model__n_estimators': 100},0.7340823970037453,0.7191011235955056,0.7593984962406015,0.7375273389466175,0.016630700110874287,1,1.0,1.0,1.0,1.0,0.0
10,0.34333030382792157,0.009040391368029714,0.0162353515625,0.0029710219733490133,110,{'model__n_estimators': 110},0.7116104868913857,0.7191011235955056,0.7443609022556391,0.7250241709141768,0.014010931298744199,7,1.0,1.0,1.0,1.0,0.0
11,0.3733704090118408,0.007028402936494653,0.015397389729817709,0.0002895634186386997,120,{'model__n_estimators': 120},0.7116104868913857,0.7116104868913857,0.7481203007518797,0.7237804248448837,0.017210891307075944,8,1.0,1.0,1.0,1.0,0.0
0,0.032274325688680015,0.0006830897234774598,0.002181371053059896,1.2363075563195581e-05,10,{'model__n_estimators': 10},0.6928838951310862,0.6816479400749064,0.6390977443609023,0.6712098598556316,0.02316538571038335,12,1.0,1.0,1.0,1.0,0.0
1,0.06729539235432942,0.00568774216049235,0.0033915837605794272,5.284700172883514e-05,20,{'model__n_estimators': 20},0.6779026217228464,0.7078651685393258,0.6578947368421053,0.6812208423680924,0.02053483142028924,11,1.0,1.0,1.0,1.0,0.0
2,0.09768366813659668,0.0014647878049020206,0.004609266916910808,8.219076848954423e-05,30,{'model__n_estimators': 30},0.7303370786516854,0.7340823970037453,0.7142857142857143,0.726235063313715,0.008586697426224877,10,1.0,1.0,1.0,1.0,0.0
3,0.1291500727335612,0.001818743449033457,0.00581510861714681,7.081749783702528e-05,40,{'model__n_estimators': 40},0.7602996254681648,0.7303370786516854,0.7180451127819549,0.7362272723006017,0.017746018267084916,7,1.0,1.0,1.0,1.0,0.0
4,0.15709026654561362,0.0030102602671571613,0.006887674331665039,0.0001552103118778209,50,{'model__n_estimators': 50},0.7378277153558053,0.7228464419475655,0.7255639097744361,0.7287460223592689,0.0065168509066890895,9,1.0,1.0,1.0,1.0,0.0
5,0.19140545527140299,0.00424644236748232,0.008204301198323568,0.000166556647602094,60,{'model__n_estimators': 60},0.7490636704119851,0.7640449438202247,0.7481203007518797,0.7537429716613632,0.007294767958400977,2,1.0,1.0,1.0,1.0,0.0
6,0.2184133529663086,0.002809582568795317,0.009218374888102213,0.00012448103716360625,70,{'model__n_estimators': 70},0.7265917602996255,0.7303370786516854,0.7293233082706767,0.7287507157406625,0.001581718273195381,8,1.0,1.0,1.0,1.0,0.0
7,0.25508689880371094,0.005748846382557326,0.010589281717936197,0.0001611724094147579,80,{'model__n_estimators': 80},0.7490636704119851,0.7565543071161048,0.7293233082706767,0.744980428599589,0.011485831048261227,4,1.0,1.0,1.0,1.0,0.0
8,0.28212912877400714,0.006543591519089297,0.01171414057413737,0.00010885478562708877,90,{'model__n_estimators': 90},0.7790262172284644,0.7453183520599251,0.7443609022556391,0.7562351571813428,0.016120452662907382,1,1.0,1.0,1.0,1.0,0.0
9,0.3152933120727539,0.0051590703496707585,0.0147093137105306,0.0023971943129333447,100,{'model__n_estimators': 100},0.7490636704119851,0.7565543071161048,0.7293233082706767,0.744980428599589,0.011485831048261227,4,1.0,1.0,1.0,1.0,0.0
10,0.3505665461222331,0.0022116006946541035,0.014005263646443685,0.0001085211138509602,110,{'model__n_estimators': 110},0.7528089887640449,0.7453183520599251,0.7330827067669173,0.7437366825302959,0.008130510817624689,6,1.0,1.0,1.0,1.0,0.0
11,0.37696361541748047,0.0017415558372784884,0.015568971633911133,2.551041659266081e-05,120,{'model__n_estimators': 120},0.7640449438202247,0.7752808988764045,0.7142857142857143,0.7512038523274479,0.026505010329589795,3,1.0,1.0,1.0,1.0,0.0
0,0.03208160400390625,0.0004657620699222077,0.002164045969645182,1.5333525761518774e-05,10,{'model__n_estimators': 10},0.6966292134831461,0.7453183520599251,0.6766917293233082,0.7062130982887932,0.028824659269849957,12,1.0,1.0,1.0,1.0,0.0
1,0.06321501731872559,0.000489393186037024,0.0033484299977620444,3.496679390442116e-05,20,{'model__n_estimators': 20},0.7340823970037453,0.7602996254681648,0.6804511278195489,0.7249443834304863,0.033232244514768625,8,1.0,1.0,1.0,1.0,0.0
2,0.0968923568725586,0.0017522084875669806,0.004657268524169922,0.00011149240661181401,30,{'model__n_estimators': 30},0.7640449438202247,0.7640449438202247,0.7142857142857143,0.7474585339753879,0.023456725753646823,1,1.0,1.0,1.0,1.0,0.0
3,0.12521028518676758,0.00033449189160950267,0.00573277473449707,6.876740214288246e-05,40,{'model__n_estimators': 40},0.7191011235955056,0.7303370786516854,0.7030075187969925,0.7174819070147279,0.01121584020375972,11,1.0,1.0,1.0,1.0,0.0
4,0.15657448768615723,0.0007135804212475412,0.0069646040598551435,0.00011921840209040537,50,{'model__n_estimators': 50},0.7228464419475655,0.7565543071161048,0.7030075187969925,0.7274694226202209,0.022103447657892118,7,1.0,1.0,1.0,1.0,0.0
5,0.19142492612202963,0.0029401606742510537,0.008355061213175455,0.0001216246891057971,60,{'model__n_estimators': 60},0.7191011235955056,0.7340823970037453,0.706766917293233,0.7199834792974946,0.011168938225945401,10,1.0,1.0,1.0,1.0,0.0
6,0.21935931841532388,0.0003969056820764044,0.00933535893758138,0.00017348249940401473,70,{'model__n_estimators': 70},0.7228464419475655,0.7340823970037453,0.706766917293233,0.7212319187481814,0.011209783578787018,9,1.0,1.0,1.0,1.0,0.0
7,0.24900404612223306,0.0034592315135318825,0.010483980178833008,0.00014797786722086485,80,{'model__n_estimators': 80},0.7378277153558053,0.7340823970037453,0.7142857142857143,0.7287319422150883,0.010328826278273775,5,1.0,1.0,1.0,1.0,0.0
8,0.2819832960764567,0.0028108648713156778,0.011983633041381836,0.0005166875884614408,90,{'model__n_estimators': 90},0.7453183520599251,0.7415730337078652,0.7218045112781954,0.7362319656819952,0.010315697837757149,2,1.0,1.0,1.0,1.0,0.0
9,0.31129296620686847,0.0018278649474942938,0.01281436284383138,7.155850323548376e-05,100,{'model__n_estimators': 100},0.7340823970037453,0.7528089887640449,0.7142857142857143,0.7337257000178349,0.01572908333179904,4,1.0,1.0,1.0,1.0,0.0
10,0.34067463874816895,0.004131604928822284,0.013936678568522135,0.00017691679619738564,110,{'model__n_estimators': 110},0.7340823970037453,0.7528089887640449,0.7218045112781954,0.7362319656819952,0.01274846108802996,2,1.0,1.0,1.0,1.0,0.0
11,0.3761296272277832,0.002417493594372559,0.015185038248697916,0.0003036825292250879,120,{'model__n_estimators': 120},0.7453183520599251,0.7191011235955056,0.7180451127819549,0.7274881961457952,0.01261519281531124,6,1.0,1.0,1.0,1.0,0.0
0,0.03137993812561035,0.00042804349307532495,0.0021603902180989585,4.5195817736021844e-05,10,{'model__n_estimators': 10},0.6441947565543071,0.6928838951310862,0.706766917293233,0.6812818563262087,0.026830011842548084,12,1.0,1.0,1.0,1.0,0.0
1,0.062332709630330406,0.00031698987191939123,0.0033582846323649087,4.6554682967406684e-05,20,{'model__n_estimators': 20},0.7340823970037453,0.6891385767790262,0.7255639097744361,0.7162616278524024,0.01949164061532894,11,1.0,1.0,1.0,1.0,0.0
2,0.0972746213277181,0.0033215190961634893,0.0045973459879557295,0.00010919351126704339,30,{'model__n_estimators': 30},0.7490636704119851,0.6966292134831461,0.7180451127819549,0.721245998892362,0.021525602156105723,10,1.0,1.0,1.0,1.0,0.0
3,0.12572296460469565,0.002860883022789601,0.005820353825887044,0.00012983000239651403,40,{'model__n_estimators': 40},0.7378277153558053,0.7153558052434457,0.7481203007518797,0.7337679404503769,0.013680627926441796,5,1.0,1.0,1.0,1.0,0.0
4,0.15506196022033691,0.0013607042029165082,0.006952683130900065,0.0001296391143006029,50,{'model__n_estimators': 50},0.7378277153558053,0.7153558052434457,0.7443609022556391,0.7325148076182967,0.012422939926929463,8,1.0,1.0,1.0,1.0,0.0
5,0.18839128812154135,0.0047607618102404724,0.009267091751098633,0.0014088756160305935,60,{'model__n_estimators': 60},0.7340823970037453,0.7528089887640449,0.7142857142857143,0.7337257000178349,0.01572908333179904,6,1.0,1.0,1.0,1.0,0.0
6,0.21636398633321127,0.0017030873589378168,0.00926971435546875,0.0001673362160183718,70,{'model__n_estimators': 70},0.7490636704119851,0.7340823970037453,0.7293233082706767,0.7374897918954689,0.008411429895430334,3,1.0,1.0,1.0,1.0,0.0
7,0.2530815601348877,0.0037105815708605903,0.01065214474995931,0.0001166971201959589,80,{'model__n_estimators': 80},0.7490636704119851,0.7303370786516854,0.7255639097744361,0.7349882196127022,0.010141811859326399,4,1.0,1.0,1.0,1.0,0.0
8,0.29251567522684735,0.01203542677650847,0.012397289276123047,0.00048741283436120486,90,{'model__n_estimators': 90},0.7265917602996255,0.7153558052434457,0.7255639097744361,0.7225038251058358,0.005071801792944677,9,1.0,1.0,1.0,1.0,0.0
9,0.3086804548899333,0.0016034526261309353,0.012682676315307617,0.00024233158061752412,100,{'model__n_estimators': 100},0.7303370786516854,0.7565543071161048,0.7142857142857143,0.7337257000178349,0.017421644603532294,6,1.0,1.0,1.0,1.0,0.0
10,0.3397548993428548,0.005003136794251521,0.013960043589274088,0.00014429036903932933,110,{'model__n_estimators': 110},0.7827715355805244,0.7490636704119851,0.7142857142857143,0.7487069734260746,0.027960357105027384,1,1.0,1.0,1.0,1.0,0.0
11,0.3730292320251465,0.00501431163963975,0.015041748682657877,0.00011362779241657603,120,{'model__n_estimators': 120},0.7565543071161048,0.7340823970037453,0.7330827067669173,0.7412398036289226,0.010836677164044708,2,1.0,1.0,1.0,1.0,0.0
0,0.0318912665049235,0.00017433277075750982,0.0021266937255859375,3.7897806223444505e-06,10,{'model__n_estimators': 10},0.6591760299625468,0.7078651685393258,0.7142857142857143,0.6937756375958624,0.024605629277395125,12,1.0,1.0,1.0,1.0,0.0
1,0.06368700663248698,0.000628832857994967,0.0034155845642089844,6.794134729316733e-05,20,{'model__n_estimators': 20},0.6891385767790262,0.6853932584269663,0.7105263157894737,0.6950193836651554,0.01107115050693256,11,1.0,1.0,1.0,1.0,0.0
2,0.09536608060201009,0.0035745527252842337,0.00462031364440918,0.0001363171995563515,30,{'model__n_estimators': 30},0.7116104868913857,0.704119850187266,0.7406015037593985,0.7187772802793501,0.015732131820758836,10,1.0,1.0,1.0,1.0,0.0
3,0.12873498598734537,0.0011295742278599056,0.005875428517659505,0.00022482339655611265,40,{'model__n_estimators': 40},0.7078651685393258,0.7078651685393258,0.7443609022556391,0.7200304131114302,0.017204253863455775,9,1.0,1.0,1.0,1.0,0.0
4,0.15604027112325033,0.0012759891253941332,0.0068276723225911455,8.061000756675744e-05,50,{'model__n_estimators': 50},0.704119850187266,0.7415730337078652,0.7556390977443609,0.733777327213164,0.021743014158206498,8,1.0,1.0,1.0,1.0,0.0
5,0.19235563278198242,0.004733890268667901,0.008248726526896158,0.00011707579601695068,60,{'model__n_estimators': 60},0.7453183520599251,0.7378277153558053,0.7669172932330827,0.750021120216271,0.012332556007543674,3,1.0,1.0,1.0,1.0,0.0
6,0.21856935818990073,0.002300285172104231,0.009380658467610678,0.00020897641956851593,70,{'model__n_estimators': 70},0.7415730337078652,0.7602996254681648,0.7443609022556391,0.748744520477223,0.008249581454986337,4,1.0,1.0,1.0,1.0,0.0
7,0.25299350420633954,0.0016000331337186512,0.010516881942749023,3.3389384934597715e-05,80,{'model__n_estimators': 80},0.7490636704119851,0.7565543071161048,0.7518796992481203,0.75249922559207,0.0030892576483045643,1,1.0,1.0,1.0,1.0,0.0
8,0.2836426893870036,0.009220787467875344,0.011745373407999674,0.0003323554042497983,90,{'model__n_estimators': 90},0.6928838951310862,0.7752808988764045,0.7518796992481203,0.7400148310852037,0.034668889790358585,7,1.0,1.0,1.0,1.0,0.0
9,0.3152471383412679,0.0016587450728637887,0.01282517115275065,0.0001906304603518883,100,{'model__n_estimators': 100},0.7340823970037453,0.7640449438202247,0.7556390977443609,0.751255479522777,0.012618785849330124,2,1.0,1.0,1.0,1.0,0.0
10,0.3494093418121338,0.006150236729035558,0.01400446891784668,0.00022146848840041001,110,{'model__n_estimators': 110},0.7303370786516854,0.7677902621722846,0.7443609022556391,0.7474960810265364,0.01545007547772362,6,1.0,1.0,1.0,1.0,0.0
11,0.37280066808064777,0.003615569763215891,0.015115976333618164,0.00011668699885668343,120,{'model__n_estimators': 120},0.7340823970037453,0.7528089887640449,0.7556390977443609,0.747510161170717,0.009564901710698103,5,1.0,1.0,1.0,1.0,0.0
