,mean_fit_time,std_fit_time,mean_score_time,std_score_time,param_model__activation,param_model__hidden_layer_sizes,params,split0_test_score,split1_test_score,split2_test_score,mean_test_score,std_test_score,rank_test_score,split0_train_score,split1_train_score,split2_train_score,mean_train_score,std_train_score
0,0.03309027353922526,0.002881354386807993,0.0016031265258789062,9.333531654252998e-05,tanh,"(48,)","{'model__activation': 'tanh', 'model__hidden_layer_sizes': (48,)}",0.7415730337078652,0.7453183520599251,0.7744360902255639,0.7537758253311181,0.014688811195851815,3,0.8236397748592871,0.801125703564728,0.8277153558052435,0.8174936114097529,0.011692843835132097
1,0.033517678578694664,0.001370068159969785,0.001714626948038737,5.04878511727305e-05,tanh,"(96,)","{'model__activation': 'tanh', 'model__hidden_layer_sizes': (96,)}",0.7228464419475655,0.7490636704119851,0.8007518796992481,0.7575539973529329,0.0323664285589607,1,0.7936210131332082,0.8198874296435272,0.8033707865168539,0.8056264097645297,0.01084118801146756
2,0.05137825012207031,0.005822841777140985,0.0019411245981852214,4.448336698169506e-05,tanh,"(144,)","{'model__activation': 'tanh', 'model__hidden_layer_sizes': (144,)}",0.7265917602996255,0.7490636704119851,0.793233082706767,0.7562961711394592,0.027682705348560495,2,0.8611632270168855,0.7954971857410882,0.8333333333333334,0.829997915363769,0.026911596062942203
3,0.04882915814717611,0.003530953035709472,0.0019974708557128906,5.534221990336952e-05,tanh,"(96, 48)","{'model__activation': 'tanh', 'model__hidden_layer_sizes': (96, 48)}",0.7453183520599251,0.7490636704119851,0.7368421052631579,0.7437413759116893,0.005112520839457801,6,0.8142589118198874,0.8180112570356473,0.7921348314606742,0.8081350001054028,0.011417065330734215
4,0.0731202761332194,0.030521561145594792,0.002448002497355143,0.00014217177062319822,tanh,"(96, 96)","{'model__activation': 'tanh', 'model__hidden_layer_sizes': (96, 96)}",0.7378277153558053,0.7303370786516854,0.7593984962406015,0.7425210967493641,0.012319696147454115,7,0.7823639774859287,0.9812382739212008,0.7883895131086143,0.8506639215052479,0.09236277353103957
5,0.029959678649902344,0.0018229609078326174,0.0016512870788574219,6.055112230284993e-05,relu,"(48,)","{'model__activation': 'relu', 'model__hidden_layer_sizes': (48,)}",0.704119850187266,0.7677902621722846,0.7556390977443609,0.7425164033679704,0.027599929605678503,8,0.7954971857410882,0.8292682926829268,0.8089887640449438,0.8112514141563197,0.013879519808316053
6,0.03628897666931152,0.005043723603274189,0.0016589959462483723,7.491412070087895e-05,relu,"(96,)","{'model__activation': 'relu', 'model__hidden_layer_sizes': (96,)}",0.7303370786516854,0.7415730337078652,0.7781954887218046,0.7500352003604517,0.020433845321786288,4,0.8086303939962477,0.776735459662289,0.8558052434456929,0.8137236990347431,0.03248039402521602
7,0.054288228352864586,0.016281396330315744,0.0017019907633463542,1.2148174646156335e-05,relu,"(144,)","{'model__activation': 'relu', 'model__hidden_layer_sizes': (144,)}",0.7153558052434457,0.7228464419475655,0.7744360902255639,0.7375461124721917,0.026263793246489225,10,0.9699812382739212,0.8330206378986866,0.8071161048689138,0.8700393270138406,0.07145651557700915
8,0.05436293284098307,0.004740061174540794,0.0017326672871907551,7.044972047537378e-05,relu,"(96, 48)","{'model__activation': 'relu', 'model__hidden_layer_sizes': (96, 48)}",0.7265917602996255,0.7340823970037453,0.7631578947368421,0.741277350680071,0.0157711987649112,9,0.8330206378986866,0.9155722326454033,0.8876404494382022,0.8787444399940973,0.0342835790316466
9,0.06685773531595866,0.012340989005907172,0.0020291805267333984,8.570365865662179e-05,relu,"(96, 96)","{'model__activation': 'relu', 'model__hidden_layer_sizes': (96, 96)}",0.7528089887640449,0.7378277153558053,0.7593984962406015,0.7500117334534839,0.009025634786514799,5,0.9512195121951219,0.8273921200750469,0.8146067415730337,0.8644061246144008,0.06160784405301166
0,0.03847090403238932,0.009944086230022433,0.0016489028930664062,4.730431298385559e-05,tanh,"(48,)","{'model__activation': 'tanh', 'model__hidden_layer_sizes': (48,)}",0.7602996254681648,0.6853932584269663,0.7631578947368421,0.7362835928773244,0.036003814901155916,8,0.8911819887429644,0.7842401500938087,0.8539325842696629,0.8431182410354786,0.04432344547456853
1,0.042705694834391274,0.006609876171705467,0.0017628669738769531,3.086392737921441e-05,tanh,"(96,)","{'model__activation': 'tanh', 'model__hidden_layer_sizes': (96,)}",0.7228464419475655,0.7453183520599251,0.7406015037593985,0.7362554325889631,0.009675155019890205,9,0.849906191369606,0.8649155722326454,0.8089887640449438,0.8412701758823985,0.023634544507809722
2,0.044733683268229164,0.0051598192186666616,0.0018756389617919922,1.2557214815391248e-05,tanh,"(144,)","{'model__activation': 'tanh', 'model__hidden_layer_sizes': (144,)}",0.7565543071161048,0.7490636704119851,0.7631578947368421,0.7562586240883107,0.005757740365197812,1,0.7654784240150094,0.8348968105065666,0.8164794007490637,0.8056182117568799,0.029362131683692547
3,0.05239701271057129,0.0027351684135781475,0.002113978068033854,0.00013526290059786845,tanh,"(96, 48)","{'model__activation': 'tanh', 'model__hidden_layer_sizes': (96, 48)}",0.7378277153558053,0.7677902621722846,0.7518796992481203,0.75249922559207,0.012240000343152643,3,0.8424015009380863,0.8236397748592871,0.8277153558052435,0.8312522105342056,0.00805740228586154
4,0.056818485260009766,0.005788789169906453,0.0023391246795654297,0.0001123608527228146,tanh,"(96, 96)","{'model__activation': 'tanh', 'model__hidden_layer_sizes': (96, 96)}",0.7490636704119851,0.7228464419475655,0.7142857142857143,0.7287319422150883,0.014795402284256227,10,0.8536585365853658,0.801125703564728,0.7715355805243446,0.8087732735581462,0.03395986820894411
5,0.033798615137736,0.005928884868779781,0.0016152064005533855,0.00011578020142192727,relu,"(48,)","{'model__activation': 'relu', 'model__hidden_layer_sizes': (48,)}",0.7565543071161048,0.7303370786516854,0.7368421052631579,0.741244497010316,0.011146645441879988,7,0.9043151969981238,0.8030018761726079,0.8164794007490637,0.8412654913065984,0.044921115732791075
6,0.052062670389811196,0.010496870148554943,0.0016204516092936199,8.760778922729918e-06,relu,"(96,)","{'model__activation': 'relu', 'model__hidden_layer_sizes': (96,)}",0.7453183520599251,0.7415730337078652,0.7443609022556391,0.7437507626744765,0.0015887217337522675,6,0.9681050656660413,0.8386491557223265,0.9194756554307116,0.9087432922730265,0.05339223332439609
7,0.04120930035909017,0.0012314765640416936,0.001701672871907552,1.4684640527305724e-05,relu,"(144,)","{'model__activation': 'relu', 'model__hidden_layer_sizes': (144,)}",0.7490636704119851,0.7378277153558053,0.7556390977443609,0.747510161170717,0.007353973024602239,5,0.797373358348968,0.8161350844277674,0.8052434456928839,0.806250629489873,0.007692481427327292
8,0.06283863385518391,0.015771377234207438,0.0017594496409098308,7.514720973390524e-05,relu,"(96, 48)","{'model__activation': 'relu', 'model__hidden_layer_sizes': (96, 48)}",0.7677902621722846,0.7340823970037453,0.7631578947368421,0.7550101846376239,0.014918532735064391,2,0.8161350844277674,0.9624765478424016,0.8352059925093633,0.8712725415931774,0.06495923311685853
9,0.055244763692220054,0.004747482225921534,0.0019040107727050781,2.485125345161471e-05,relu,"(96, 96)","{'model__activation': 'relu', 'model__hidden_layer_sizes': (96, 96)}",0.7752808988764045,0.7415730337078652,0.7330827067669173,0.749978879783729,0.018223895312027966,4,0.8180112570356473,0.8799249530956847,0.8127340823970037,0.8368900975094453,0.030506406316685383
0,0.034126996994018555,0.005411634995727881,0.0016336441040039062,0.00010990570687427599,tanh,"(48,)","{'model__activation': 'tanh', 'model__hidden_layer_sizes': (48,)}",0.7453183520599251,0.7565543071161048,0.7481203007518797,0.7499976533093031,0.004775284352773902,6,0.8386491557223265,0.851782363977486,0.7771535580524345,0.822528359250749,0.03252972720049841
1,0.051590283711751304,0.018998208070605843,0.0017712910970052083,3.178179179050235e-05,tanh,"(96,)","{'model__activation': 'tanh', 'model__hidden_layer_sizes': (96,)}",0.7340823970037453,0.7490636704119851,0.7406015037593985,0.7412491903917097,0.006133202627956766,8,0.9699812382739212,0.8123827392120075,0.8164794007490637,0.8662811260783307,0.07334612287399532
2,0.046967665354410805,0.010770687706681702,0.0018808841705322266,1.226408114396256e-05,tanh,"(144,)","{'model__activation': 'tanh', 'model__hidden_layer_sizes': (144,)}",0.7265917602996255,0.7640449438202247,0.6992481203007519,0.7299616081402007,0.026560296062668402,10,0.8761726078799249,0.799249530956848,0.7734082397003745,0.8162767928457159,0.0436468752406524
3,0.06717991828918457,0.02236289447086407,0.0019474029541015625,2.9938387207684065e-05,tanh,"(96, 48)","{'model__activation': 'tanh', 'model__hidden_layer_sizes': (96, 48)}",0.7565543071161048,0.7340823970037453,0.7631578947368421,0.7512648662855641,0.01244534130593112,5,0.9737335834896811,0.7673545966228893,0.9082397003745318,0.8831092934957008,0.08610739251060293
4,0.08040595054626465,0.022585345536025172,0.002255598704020182,1.1494204509376705e-05,tanh,"(96, 96)","{'model__activation': 'tanh', 'model__hidden_layer_sizes': (96, 96)}",0.7528089887640449,0.7677902621722846,0.7518796992481203,0.7574929833948166,0.007291152511401384,2,0.9624765478424016,0.7861163227016885,0.9625468164794008,0.9037132290078302,0.08315357484398751
5,0.03196271260579427,0.0007096021141681193,0.0015825430552164714,0.00014469295120394645,relu,"(48,)","{'model__activation': 'relu', 'model__hidden_layer_sizes': (48,)}",0.7602996254681648,0.7640449438202247,0.7706766917293233,0.7650070870059041,0.004290700461807362,1,0.7729831144465291,0.8311444652908068,0.8352059925093633,0.8131111907488998,0.02842324027544394
6,0.03582636515299479,0.0010983920277305365,0.0015476544698079426,3.952926036658569e-06,relu,"(96,)","{'model__activation': 'relu', 'model__hidden_layer_sizes': (96,)}",0.7490636704119851,0.7453183520599251,0.7631578947368421,0.7525133057362509,0.007680594969714355,4,0.851782363977486,0.8386491557223265,0.8220973782771536,0.8375096326589886,0.012145602183949653
7,0.04200625419616699,0.004148132215276102,0.001653750737508138,1.9669492638030024e-05,relu,"(144,)","{'model__activation': 'relu', 'model__hidden_layer_sizes': (144,)}",0.7640449438202247,0.7640449438202247,0.7443609022556391,0.7574835966320296,0.009279146180984217,3,0.8818011257035647,0.8273921200750469,0.797752808988764,0.8356486849224586,0.03480572781365636
8,0.05122184753417969,0.006957315473156122,0.0016960302988688152,5.197464264991873e-05,relu,"(96, 48)","{'model__activation': 'relu', 'model__hidden_layer_sizes': (96, 48)}",0.7490636704119851,0.7453183520599251,0.7368421052631579,0.7437413759116893,0.005112520839457801,7,0.8555347091932458,0.9287054409005628,0.7921348314606742,0.8587916605181608,0.0558022618397337
9,0.06266132990519206,0.014873663265487495,0.0019425551096598308,6.780548754015532e-05,relu,"(96, 96)","{'model__activation': 'relu', 'model__hidden_layer_sizes': (96, 96)}",0.7415730337078652,0.7453183520599251,0.706766917293233,0.7312194343536745,0.017358015349936622,9,0.8367729831144465,0.8273921200750469,0.9681647940074907,0.8774432990656614,0.06426399915557318
0,0.033811092376708984,0.00485554267860638,0.0016252199808756511,4.564593417594731e-05,tanh,"(48,)","{'model__activation': 'tanh', 'model__hidden_layer_sizes': (48,)}",0.7602996254681648,0.7490636704119851,0.7218045112781954,0.7437226023861151,0.016162997037831448,2,0.8405253283302064,0.8255159474671669,0.8595505617977528,0.841863945865042,0.013926776746884808
1,0.04501533508300781,0.01592411405997659,0.0017625490824381511,5.198849403343549e-05,tanh,"(96,)","{'model__activation': 'tanh', 'model__hidden_layer_sizes': (96,)}",0.7602996254681648,0.7153558052434457,0.7293233082706767,0.7349929129940959,0.01878110854711597,7,0.7842401500938087,0.9305816135084428,0.8014981273408239,0.838773296981025,0.06529948791204777
2,0.06007162729899088,0.017189745097134744,0.0018783410390218098,5.1726148726118375e-05,tanh,"(144,)","{'model__activation': 'tanh', 'model__hidden_layer_sizes': (144,)}",0.7640449438202247,0.700374531835206,0.7406015037593985,0.7350069931382764,0.026292638417155068,6,0.9343339587242027,0.7917448405253283,0.8632958801498127,0.8631248931331146,0.05821188930452294
3,0.06225093205769857,0.006024043833674635,0.0019286473592122395,1.9020098567069526e-05,tanh,"(96, 48)","{'model__activation': 'tanh', 'model__hidden_layer_sizes': (96, 48)}",0.7677902621722846,0.7378277153558053,0.7218045112781954,0.7424741629354285,0.01905893364725924,3,0.926829268292683,0.8818011257035647,0.9101123595505618,0.9062475845156032,0.018584684928001347
4,0.06052533785502116,0.0071837447212947,0.002249638239542643,1.543452145387791e-05,tanh,"(96, 96)","{'model__activation': 'tanh', 'model__hidden_layer_sizes': (96, 96)}",0.7602996254681648,0.7453183520599251,0.7030075187969925,0.7362084987750275,0.024260234154675358,5,0.8780487804878049,0.8123827392120075,0.8389513108614233,0.8431276101870786,0.0269702101246515
5,0.027328093846638996,0.0020815455556578654,0.001550436019897461,0.00010823065604114669,relu,"(48,)","{'model__activation': 'relu', 'model__hidden_layer_sizes': (48,)}",0.7677902621722846,0.700374531835206,0.7180451127819549,0.7287366355964818,0.028541801733487762,9,0.8123827392120075,0.7485928705440901,0.7734082397003745,0.778127949818824,0.026255076764557184
6,0.05277768770853678,0.005390336040863172,0.0015613238016764324,1.608849482550819e-05,relu,"(96,)","{'model__activation': 'relu', 'model__hidden_layer_sizes': (96,)}",0.7415730337078652,0.7415730337078652,0.7330827067669173,0.7387429247275493,0.004002378502956715,4,0.9512195121951219,0.9080675422138836,0.9269662921348315,0.9287511155146123,0.01766186710002053
7,0.03722238540649414,9.243407649640313e-05,0.001654227574666341,2.1572453598930426e-05,relu,"(144,)","{'model__activation': 'relu', 'model__hidden_layer_sizes': (144,)}",0.7640449438202247,0.7340823970037453,0.7481203007518797,0.7487492138586166,0.012240239695482505,1,0.7729831144465291,0.7879924953095685,0.7771535580524345,0.7793763892695106,0.006325931416935091
8,0.05170599619547526,0.01159621333114246,0.0017476876576741536,5.591422600032392e-05,relu,"(96, 48)","{'model__activation': 'relu', 'model__hidden_layer_sizes': (96, 48)}",0.704119850187266,0.7303370786516854,0.7406015037593985,0.7250194775327833,0.015360890232103172,10,0.7035647279549718,0.8311444652908068,0.9550561797752809,0.8299217910070199,0.102674595312813
9,0.06496016184488933,0.010963479063077557,0.0019981861114501953,0.00011799881210728256,relu,"(96, 96)","{'model__activation': 'relu', 'model__hidden_layer_sizes': (96, 96)}",0.7340823970037453,0.7265917602996255,0.7406015037593985,0.7337585536875898,0.00572403609482139,8,0.9643527204502814,0.8424015009380863,0.8295880149812734,0.878780745456547,0.06073422173062775
0,0.0403447151184082,0.011512813386342377,0.0016481081644694011,4.165818423885939e-05,tanh,"(48,)","{'model__activation': 'tanh', 'model__hidden_layer_sizes': (48,)}",0.704119850187266,0.7528089887640449,0.7293233082706767,0.7287507157406625,0.019881380744996333,10,0.8255159474671669,0.9324577861163227,0.7921348314606742,0.8500361883480547,0.059852956264862756
1,0.041889349619547524,0.007434061843323247,0.0017371177673339844,2.1919819155826153e-05,tanh,"(96,)","{'model__activation': 'tanh', 'model__hidden_layer_sizes': (96,)}",0.7415730337078652,0.7378277153558053,0.7556390977443609,0.7450132822693437,0.007667586246505651,3,0.8367729831144465,0.801125703564728,0.8726591760299626,0.8368526209030457,0.029203472137934186
2,0.04300872484842936,0.005598898647917517,0.0018834273020426433,2.60901058817849e-05,tanh,"(144,)","{'model__activation': 'tanh', 'model__hidden_layer_sizes': (144,)}",0.7303370786516854,0.7378277153558053,0.7481203007518797,0.7387616982531234,0.007289946963939325,8,0.8405253283302064,0.7879924953095685,0.8089887640449438,0.8125021958949062,0.021589855469900745
3,0.048671722412109375,0.009696645368366938,0.0019272168477376301,4.112672498364643e-06,tanh,"(96, 48)","{'model__activation': 'tanh', 'model__hidden_layer_sizes': (96, 48)}",0.7340823970037453,0.7902621722846442,0.7518796992481203,0.7587414228455032,0.023442898366004675,1,0.801125703564728,0.7842401500938087,0.8876404494382022,0.8243354343655795,0.04529108947694935
4,0.06013043721516927,0.008140654857074797,0.002260128657023112,1.4876928759064166e-05,tanh,"(96, 96)","{'model__activation': 'tanh', 'model__hidden_layer_sizes': (96, 96)}",0.7340823970037453,0.7340823970037453,0.7518796992481203,0.7400148310852037,0.008389728735882713,7,0.8836772983114447,0.8649155722326454,0.7734082397003745,0.8406670367481549,0.04817198305100766
5,0.03175767262776693,0.004417427507550799,0.0016112327575683594,8.566562357076516e-05,relu,"(48,)","{'model__activation': 'relu', 'model__hidden_layer_sizes': (48,)}",0.7453183520599251,0.7153558052434457,0.7631578947368421,0.741277350680071,0.01972320476152661,5,0.8649155722326454,0.7598499061913696,0.850187265917603,0.8249842481138727,0.046447767258757676
6,0.03653717041015625,0.004438587211115328,0.0016387303670247395,1.7100151417190854e-05,relu,"(96,)","{'model__activation': 'relu', 'model__hidden_layer_sizes': (96,)}",0.7378277153558053,0.7340823970037453,0.7518796992481203,0.7412632705358903,0.007661082227334244,6,0.8855534709193246,0.7692307692307693,0.8220973782771536,0.8256272061424158,0.04755409197675101
7,0.04284954071044922,0.006709021938053416,0.0016467571258544922,2.3322000927724553e-05,relu,"(144,)","{'model__activation': 'relu', 'model__hidden_layer_sizes': (144,)}",0.7453183520599251,0.7715355805243446,0.7481203007518797,0.7549914111120497,0.011754286743570576,2,0.9230769230769231,0.7861163227016885,0.8089887640449438,0.8393940032745185,0.059904982782413733
8,0.04579806327819824,0.0024693597745385557,0.001768350601196289,7.250616970669146e-05,relu,"(96, 48)","{'model__activation': 'relu', 'model__hidden_layer_sizes': (96, 48)}",0.7415730337078652,0.7528089887640449,0.7406015037593985,0.7449945087437695,0.005539888151738211,4,0.8123827392120075,0.7617260787992496,0.8033707865168539,0.7924932015093704,0.02206453719946169
9,0.06629602114359538,0.011209104069114132,0.0019089380900065105,5.2268376037011515e-05,relu,"(96, 96)","{'model__activation': 'relu', 'model__hidden_layer_sizes': (96, 96)}",0.7340823970037453,0.7340823970037453,0.7406015037593985,0.7362554325889631,0.0030731363961342497,9,0.9681050656660413,0.797373358348968,0.8539325842696629,0.8731370027615574,0.07101143681623664
0,0.04171220461527506,0.012248473535972715,0.0015998681386311848,2.0867036692943428e-05,tanh,"(48,)","{'model__activation': 'tanh', 'model__hidden_layer_sizes': (48,)}",0.7528089887640449,0.7490636704119851,0.7293233082706767,0.7437319891489022,0.010302569772552712,4,0.9437148217636022,0.8949343339587242,0.7528089887640449,0.863819381495457,0.08098297956322777
1,0.04228766759236654,0.004134136235732056,0.0017393430074055989,2.4356324663262524e-05,tanh,"(96,)","{'model__activation': 'tanh', 'model__hidden_layer_sizes': (96,)}",0.7415730337078652,0.704119850187266,0.7481203007518797,0.7312710615490037,0.01938397766616756,9,0.8424015009380863,0.8405253283302064,0.8146067415730337,0.8325111902804422,0.012683505523600449
2,0.052915334701538086,0.006631260243420042,0.0018820762634277344,4.08802704798752e-06,tanh,"(144,)","{'model__activation': 'tanh', 'model__hidden_layer_sizes': (144,)}",0.7415730337078652,0.7378277153558053,0.7255639097744361,0.7349882196127022,0.006837156540321847,7,0.8273921200750469,0.8123827392120075,0.8857677902621723,0.8418475498497422,0.0316550261084206
3,0.05067729949951172,0.010798851739913915,0.0019529660542805989,7.913038850081206e-06,tanh,"(96, 48)","{'model__activation': 'tanh', 'model__hidden_layer_sizes': (96, 48)}",0.7752808988764045,0.7340823970037453,0.7706766917293233,0.7600133292031576,0.018432030353186805,2,0.9136960600375235,0.797373358348968,0.795880149812734,0.8356498560664085,0.05519036681438062
4,0.06888516743977864,0.012323052311469015,0.0022265116373697915,1.8718853216179633e-05,tanh,"(96, 96)","{'model__activation': 'tanh', 'model__hidden_layer_sizes': (96, 96)}",0.7303370786516854,0.7378277153558053,0.7180451127819549,0.7287366355964818,0.008155117192227198,10,0.8161350844277674,0.9212007504690432,0.9063670411985019,0.8812342920317708,0.04642872570354541
5,0.0413061777750651,0.006174132785764449,0.0017100175221761067,0.00012585706071422304,relu,"(48,)","{'model__activation': 'relu', 'model__hidden_layer_sizes': (48,)}",0.7528089887640449,0.7303370786516854,0.7406015037593985,0.7412491903917097,0.009185543333766276,5,0.8405253283302064,0.9399624765478424,0.8707865168539326,0.8837581072439938,0.04161837117868078
6,0.0485840638478597,0.014341240989956991,0.0017968813578287761,0.0002461363892721246,relu,"(96,)","{'model__activation': 'relu', 'model__hidden_layer_sizes': (96,)}",0.7565543071161048,0.7228464419475655,0.7330827067669173,0.7374944852768626,0.014110348112188613,6,0.8311444652908068,0.8198874296435272,0.9569288389513109,0.8693202446285483,0.0621188622041047
7,0.06891067822774251,0.011822703360173195,0.001852591832478841,0.00013070069877068764,relu,"(144,)","{'model__activation': 'relu', 'model__hidden_layer_sizes': (144,)}",0.7602996254681648,0.7153558052434457,0.7218045112781954,0.7324866473299353,0.01984217338681892,8,0.8592870544090057,0.9380863039399625,0.9662921348314607,0.921221831060143,0.04528303319632821
8,0.05749924977620443,0.003817029579427525,0.0019731521606445312,5.7067600694141565e-05,relu,"(96, 48)","{'model__activation': 'relu', 'model__hidden_layer_sizes': (96, 48)}",0.7640449438202247,0.7752808988764045,0.7556390977443609,0.76498831348033,0.008046429753391371,1,0.8968105065666041,0.8592870544090057,0.7827715355805244,0.8462896988520447,0.04745468128995306
9,0.0822466214497884,0.01084785578169674,0.002087752024332682,0.00015371637154039288,relu,"(96, 96)","{'model__activation': 'relu', 'model__hidden_layer_sizes': (96, 96)}",0.7490636704119851,0.7415730337078652,0.7744360902255639,0.7550242647818047,0.014062755416406593,3,0.8836772983114447,0.9287054409005628,0.9681647940074907,0.9268491777398328,0.034516841463636844
0,0.028839985529581707,0.0018620018085384233,0.0016942818959554036,0.00010940431420979594,tanh,"(48,)","{'model__activation': 'tanh', 'model__hidden_layer_sizes': (48,)}",0.7191011235955056,0.7453183520599251,0.7218045112781954,0.7287413289778755,0.011773567766762893,10,0.7429643527204502,0.8161350844277674,0.795880149812734,0.7849931956536506,0.030847834313962628
1,0.05171394348144531,0.00928376761702064,0.0017799536387125652,5.9422001220540834e-05,tanh,"(96,)","{'model__activation': 'tanh', 'model__hidden_layer_sizes': (96,)}",0.7677902621722846,0.7415730337078652,0.7518796992481203,0.7537476650427566,0.010784332439433912,2,0.849906191369606,0.8142589118198874,0.9044943820224719,0.8562198284039885,0.03710800928929694
2,0.06437095006306966,0.007798611264331543,0.002550363540649414,0.00022299985303089742,tanh,"(144,)","{'model__activation': 'tanh', 'model__hidden_layer_sizes': (144,)}",0.7453183520599251,0.7528089887640449,0.7406015037593985,0.7462429481944562,0.00502638578196163,4,0.849906191369606,0.849906191369606,0.9082397003745318,0.8693506943712479,0.027498679858526397
3,0.05899747212727865,0.013505355182951043,0.0021098454793294272,0.000159489060599955,tanh,"(96, 48)","{'model__activation': 'tanh', 'model__hidden_layer_sizes': (96, 48)}",0.7378277153558053,0.7490636704119851,0.7255639097744361,0.7374850985140755,0.009596795549581537,7,0.7786116322701688,0.8142589118198874,0.9419475655430711,0.844939369877709,0.07012191599640737
4,0.061795711517333984,0.005812963978835328,0.0026050408681233725,0.0002729537219794183,tanh,"(96, 96)","{'model__activation': 'tanh', 'model__hidden_layer_sizes': (96, 96)}",0.7565543071161048,0.7303370786516854,0.7481203007518797,0.7450038955065565,0.010927633270100134,5,0.8724202626641651,0.8217636022514071,0.7790262172284644,0.8244033607146789,0.038173622431112816
5,0.0438380241394043,0.013140524586609373,0.0019233226776123047,0.00018517834593023526,relu,"(48,)","{'model__activation': 'relu', 'model__hidden_layer_sizes': (48,)}",0.7415730337078652,0.7528089887640449,0.7255639097744361,0.7399819774154487,0.011179510346514421,6,0.9230769230769231,0.8724202626641651,0.799625468164794,0.865040884635294,0.0506682467629718
6,0.07211740811665852,0.0011117186982617174,0.0016411940256754558,4.410049166136976e-05,relu,"(96,)","{'model__activation': 'relu', 'model__hidden_layer_sizes': (96,)}",0.7752808988764045,0.7378277153558053,0.7293233082706767,0.7474773075009621,0.01996431825360477,3,0.9737335834896811,0.9793621013133208,0.9756554307116105,0.9762503718382041,0.0023360250328056317
7,0.058870395024617515,0.024752718433406644,0.0016845862070719402,2.400132993411587e-05,relu,"(144,)","{'model__activation': 'relu', 'model__hidden_layer_sizes': (144,)}",0.7602996254681648,0.7640449438202247,0.7443609022556391,0.7562351571813428,0.008534451746500532,1,0.8348968105065666,0.7936210131332082,0.9850187265917603,0.8711788500771783,0.08224176139424981
8,0.06042631467183431,0.010826501896960427,0.0017503897349039714,7.048494477762949e-05,relu,"(96, 48)","{'model__activation': 'relu', 'model__hidden_layer_sizes': (96, 48)}",0.7265917602996255,0.7228464419475655,0.7406015037593985,0.7300132353355299,0.007641571546546768,9,0.9549718574108818,0.8236397748592871,0.9400749063670412,0.9062288462124033,0.058715107753900625
9,0.0638422966003418,0.012862672533261928,0.0019287268320719402,3.241869299311819e-06,relu,"(96, 96)","{'model__activation': 'relu', 'model__hidden_layer_sizes': (96, 96)}",0.7453183520599251,0.7303370786516854,0.7255639097744361,0.7337397801620155,0.008415987986326257,8,0.8348968105065666,0.949343339587242,0.8183520599250936,0.8675307366729674,0.05824321814401724
0,0.030961116154988606,0.0020202141591714683,0.0015930334726969402,9.069402915010488e-05,tanh,"(48,)","{'model__activation': 'tanh', 'model__hidden_layer_sizes': (48,)}",0.7265917602996255,0.7340823970037453,0.7105263157894737,0.7237334910309482,0.009826817658921577,8,0.8386491557223265,0.8180112570356473,0.8108614232209738,0.8225072786596491,0.011781346194282517
1,0.036955833435058594,0.007401500123245253,0.0017445882161458333,3.076513369897627e-05,tanh,"(96,)","{'model__activation': 'tanh', 'model__hidden_layer_sizes': (96,)}",0.7378277153558053,0.7340823970037453,0.6879699248120301,0.7199600123905269,0.022672025785822347,9,0.8611632270168855,0.7786116322701688,0.7434456928838952,0.7944068507236498,0.049338768766443206
2,0.04453094800313314,0.0027473235007904077,0.0018805662790934246,2.2413319079290896e-05,tanh,"(144,)","{'model__activation': 'tanh', 'model__hidden_layer_sizes': (144,)}",0.7153558052434457,0.7453183520599251,0.7631578947368421,0.741277350680071,0.01972320476152661,3,0.7954971857410882,0.8030018761726079,0.8220973782771536,0.8068654800636166,0.011197861016250681
3,0.048481384913126625,0.0059343004898219495,0.0019621054331461587,1.5157039133474257e-05,tanh,"(96, 48)","{'model__activation': 'tanh', 'model__hidden_layer_sizes': (96, 48)}",0.7490636704119851,0.7453183520599251,0.7105263157894737,0.734969446087128,0.017351403717483456,6,0.8705440900562852,0.8180112570356473,0.799625468164794,0.8293936050855755,0.030050303582430504
4,0.06453768412272136,0.002596000648393528,0.0023006598154703775,5.900408934160818e-05,tanh,"(96, 96)","{'model__activation': 'tanh', 'model__hidden_layer_sizes': (96, 96)}",0.7265917602996255,0.7415730337078652,0.7481203007518797,0.7387616982531234,0.009011001379070035,5,0.851782363977486,0.8761726078799249,0.8052434456928839,0.844399472516765,0.029423537368117203
5,0.03327655792236328,0.005708219224115245,0.0016260147094726562,4.91400684657612e-05,relu,"(48,)","{'model__activation': 'relu', 'model__hidden_layer_sizes': (48,)}",0.7265917602996255,0.7415730337078652,0.7556390977443609,0.7412679639172839,0.011860487731396944,4,0.8592870544090057,0.797373358348968,0.9044943820224719,0.8537182649268152,0.043908898038533976
6,0.03913299242655436,0.003216899032087746,0.0016107559204101562,2.7355523418429606e-05,relu,"(96,)","{'model__activation': 'relu', 'model__hidden_layer_sizes': (96,)}",0.7490636704119851,0.7265917602996255,0.7518796992481203,0.7425117099865769,0.011315655913461543,2,0.8911819887429644,0.799249530956848,0.8295880149812734,0.8400065115603619,0.03824746616335411
7,0.04249072074890137,0.0021981947160340577,0.0016765594482421875,2.4086177216266733e-05,relu,"(144,)","{'model__activation': 'relu', 'model__hidden_layer_sizes': (144,)}",0.7565543071161048,0.7640449438202247,0.7330827067669173,0.7512273192344155,0.013189582524478617,1,0.8536585365853658,0.8574108818011257,0.8183520599250936,0.8431404927705284,0.017594882321365118
8,0.05266467730204264,0.008266251723454361,0.0017939408620198567,8.694497931512116e-05,relu,"(96, 48)","{'model__activation': 'relu', 'model__hidden_layer_sizes': (96, 48)}",0.7078651685393258,0.7153558052434457,0.7330827067669173,0.718767893516563,0.010573956003712406,10,0.9530956848030019,0.8030018761726079,0.8089887640449438,0.8550287750068511,0.069386837389252
9,0.0878585974375407,0.010203536322416678,0.0020296573638916016,7.535913086486524e-05,relu,"(96, 96)","{'model__activation': 'relu', 'model__hidden_layer_sizes': (96, 96)}",0.7303370786516854,0.7265917602996255,0.7443609022556391,0.7337632470689833,0.007648074876769466,7,0.9155722326454033,0.9831144465290806,0.9662921348314607,0.9549929380019816,0.02870820499230823
0,0.03635700543721517,0.004697828243929598,0.001853624979654948,0.000153916053962952,tanh,"(48,)","{'model__activation': 'tanh', 'model__hidden_layer_sizes': (48,)}",0.7715355805243446,0.7415730337078652,0.7443609022556391,0.752489838829283,0.013515380381776725,6,0.7823639774859287,0.8611632270168855,0.8202247191011236,0.8212506412013125,0.032177837287769386
1,0.0517276922861735,0.018061418289544755,0.002161105473836263,0.00032311751172494214,tanh,"(96,)","{'model__activation': 'tanh', 'model__hidden_layer_sizes': (96,)}",0.7902621722846442,0.7228464419475655,0.7518796992481203,0.7549961044934435,0.027610434747998642,3,0.801125703564728,0.799249530956848,0.9588014981273408,0.8530589108829724,0.07477522349799791
2,0.0474247137705485,0.009634563921912883,0.002049525578816732,7.021560957316833e-05,tanh,"(144,)","{'model__activation': 'tanh', 'model__hidden_layer_sizes': (144,)}",0.7752808988764045,0.700374531835206,0.7255639097744361,0.7337397801620155,0.031122067179345694,10,0.8536585365853658,0.7636022514071295,0.8052434456928839,0.8075014112284596,0.03679997673274487
3,0.05382235844930013,0.01215232693866615,0.001994450887044271,3.534193008744259e-05,tanh,"(96, 48)","{'model__activation': 'tanh', 'model__hidden_layer_sizes': (96, 48)}",0.7827715355805244,0.7415730337078652,0.7293233082706767,0.7512226258530221,0.022862111626986564,7,0.900562851782364,0.8142589118198874,0.8314606741573034,0.8487608125865181,0.03729668086674904
4,0.09225026766459148,0.027705653391234177,0.002371708552042643,7.653257020715862e-05,tanh,"(96, 96)","{'model__activation': 'tanh', 'model__hidden_layer_sizes': (96, 96)}",0.8014981273408239,0.7415730337078652,0.7406015037593985,0.761224221602696,0.028480713710192375,1,0.9587242026266416,0.9793621013133208,0.8127340823970037,0.9169401287789887,0.07416493238035396
5,0.031419992446899414,0.0030962778291942013,0.0015702247619628906,0.00010315068991142893,relu,"(48,)","{'model__activation': 'relu', 'model__hidden_layer_sizes': (48,)}",0.7827715355805244,0.7453183520599251,0.7330827067669173,0.7537241981357891,0.021138253056253605,5,0.8386491557223265,0.801125703564728,0.8314606741573034,0.8237451778147861,0.016261386335210272
6,0.04306642214457194,0.009140829360963418,0.0016105969746907551,2.087248413629989e-05,relu,"(96,)","{'model__activation': 'relu', 'model__hidden_layer_sizes': (96,)}",0.7677902621722846,0.7415730337078652,0.7518796992481203,0.7537476650427566,0.010784332439433912,4,0.9418386491557224,0.7804878048780488,0.8838951310861424,0.8687405283733045,0.0667371472011277
7,0.058554649353027344,0.012332223435405024,0.001981019973754883,0.00023535162499521443,relu,"(144,)","{'model__activation': 'relu', 'model__hidden_layer_sizes': (144,)}",0.8052434456928839,0.7191011235955056,0.7180451127819549,0.7474632273567815,0.040859058668674945,8,0.9136960600375235,0.9624765478424016,0.8108614232209738,0.8956780103669663,0.06319427236145572
8,0.06967329978942871,0.0156635272379802,0.0018590291341145833,4.736969119167833e-05,relu,"(96, 48)","{'model__activation': 'relu', 'model__hidden_layer_sizes': (96, 48)}",0.7715355805243446,0.7602996254681648,0.7443609022556391,0.7587320360827161,0.011149253700373597,2,0.9549718574108818,0.8161350844277674,0.9756554307116105,0.9155874575167532,0.07082858855902176
9,0.061252593994140625,0.0036710759180470826,0.002046664555867513,7.696461280691237e-05,relu,"(96, 96)","{'model__activation': 'relu', 'model__hidden_layer_sizes': (96, 96)}",0.7902621722846442,0.7153558052434457,0.7255639097744361,0.7437272957675086,0.033167980532211074,9,0.8330206378986866,0.8705440900562852,0.846441947565543,0.850002225173505,0.015524368971399197
0,0.048366387685139976,0.008004993637598906,0.0016190210978190105,4.493260828570341e-05,tanh,"(48,)","{'model__activation': 'tanh', 'model__hidden_layer_sizes': (48,)}",0.7265917602996255,0.7453183520599251,0.7631578947368421,0.745022669032131,0.014929525963893273,4,0.8574108818011257,0.9362101313320825,0.8539325842696629,0.882517865800957,0.037992711334570564
1,0.03731664021809896,0.005191334814722346,0.0018645922342936199,8.233909884981393e-05,tanh,"(96,)","{'model__activation': 'tanh', 'model__hidden_layer_sizes': (96,)}",0.7265917602996255,0.7265917602996255,0.7518796992481203,0.7350210732824571,0.011920848741808054,7,0.8273921200750469,0.776735459662289,0.7546816479400749,0.7862697425591371,0.03043988723468472
2,0.062132040659586586,0.0071469927343127005,0.002037525177001953,6.471999574331894e-05,tanh,"(144,)","{'model__activation': 'tanh', 'model__hidden_layer_sizes': (144,)}",0.7116104868913857,0.7340823970037453,0.7819548872180451,0.7425492570377253,0.02933541038239831,5,0.9024390243902439,0.8836772983114447,0.8239700374531835,0.8700287867182906,0.03345700603524352
3,0.05674266815185547,0.006342047221866592,0.0022286574045817056,0.00015168235888933556,tanh,"(96, 48)","{'model__activation': 'tanh', 'model__hidden_layer_sizes': (96, 48)}",0.7303370786516854,0.7340823970037453,0.7894736842105263,0.751297719955319,0.02703775184811931,2,0.8893058161350844,0.8105065666041276,0.8352059925093633,0.8450061250828584,0.032907571373004325
4,0.050380706787109375,0.00107964474558582,0.0023272832234700522,7.74480857173918e-05,tanh,"(96, 96)","{'model__activation': 'tanh', 'model__hidden_layer_sizes': (96, 96)}",0.7340823970037453,0.7415730337078652,0.7443609022556391,0.7400054443224166,0.004340116735321794,6,0.8161350844277674,0.799249530956848,0.8033707865168539,0.8062518006338232,0.007188215391015635
5,0.032927910486857094,0.004574908845832277,0.0015629927317301433,0.00011229562883034585,relu,"(48,)","{'model__activation': 'relu', 'model__hidden_layer_sizes': (48,)}",0.7340823970037453,0.7415730337078652,0.7631578947368421,0.7462711084828175,0.012326125967502582,3,0.7842401500938087,0.8855534709193246,0.846441947565543,0.8387451895262253,0.04171752075895154
6,0.032958666483561196,0.0006599402247705516,0.0016997655232747395,0.00013766621748341162,relu,"(96,)","{'model__activation': 'relu', 'model__hidden_layer_sizes': (96,)}",0.7340823970037453,0.7265917602996255,0.7406015037593985,0.7337585536875898,0.00572403609482139,8,0.8311444652908068,0.7692307692307693,0.7734082397003745,0.7912611580739836,0.0282532766335132
7,0.049726009368896484,0.010328333817682812,0.0017863909403483074,5.591422600032392e-05,relu,"(144,)","{'model__activation': 'relu', 'model__hidden_layer_sizes': (144,)}",0.7565543071161048,0.7490636704119851,0.7857142857142857,0.7637774210807918,0.01581026948999607,1,0.8161350844277674,0.9305816135084428,0.8146067415730337,0.8537744798364146,0.0543144289923958
8,0.048027594884236656,0.0023550196712234643,0.0019266605377197266,8.131157195958212e-05,relu,"(96, 48)","{'model__activation': 'relu', 'model__hidden_layer_sizes': (96, 48)}",0.700374531835206,0.7415730337078652,0.7105263157894737,0.7174912937775151,0.017525454400543608,9,0.8048780487804879,0.8574108818011257,0.7134831460674157,0.7919240255496764,0.05946793711324037
9,0.05965264638264974,0.005093798282255115,0.002122084299723307,5.850746376035041e-05,relu,"(96, 96)","{'model__activation': 'relu', 'model__hidden_layer_sizes': (96, 96)}",0.6891385767790262,0.700374531835206,0.7593984962406015,0.7163038682849446,0.03081581726412037,10,0.8067542213883677,0.8161350844277674,0.8651685393258427,0.8293526150473259,0.025613609296418035
0,0.038721561431884766,0.008168208476137693,0.001749595006306966,0.00011147869670635033,tanh,"(48,)","{'model__activation': 'tanh', 'model__hidden_layer_sizes': (48,)}",0.7602996254681648,0.704119850187266,0.7443609022556391,0.7362601259703566,0.023639778904369618,5,0.8686679174484052,0.7842401500938087,0.8670411985018727,0.8399830886813623,0.03942180408026819
1,0.046335061391194664,0.01182979363219009,0.002006053924560547,0.00014212480597924638,tanh,"(96,)","{'model__activation': 'tanh', 'model__hidden_layer_sizes': (96,)}",0.6741573033707865,0.7415730337078652,0.7368421052631579,0.7175241474472699,0.03072575244375907,9,0.7354596622889306,0.8198874296435272,0.8932584269662921,0.8162018396329166,0.06447376838022352
2,0.05717158317565918,0.009314898928832907,0.001998345057169596,5.227272597538152e-05,tanh,"(144,)","{'model__activation': 'tanh', 'model__hidden_layer_sizes': (144,)}",0.7378277153558053,0.7565543071161048,0.7330827067669173,0.7424882430796091,0.010133094122272592,3,0.8555347091932458,0.8348968105065666,0.8183520599250936,0.8362611932083021,0.015210380375852988
3,0.060953378677368164,0.02078833541449429,0.0020372867584228516,0.00014627804003634098,tanh,"(96, 48)","{'model__activation': 'tanh', 'model__hidden_layer_sizes': (96, 48)}",0.7415730337078652,0.7265917602996255,0.7218045112781954,0.729989768428562,0.008420548841824518,7,0.7936210131332082,0.9568480300187617,0.8127340823970037,0.8544010418496578,0.0728599862423861
4,0.05749432245890299,0.0008557106491534495,0.002531925837198893,0.00012006047796441945,tanh,"(96, 96)","{'model__activation': 'tanh', 'model__hidden_layer_sizes': (96, 96)}",0.7378277153558053,0.7565543071161048,0.6954887218045113,0.7299569147588071,0.025543603946848188,8,0.8067542213883677,0.8086303939962477,0.799625468164794,0.8050033611831364,0.003879115526439202
5,0.03735001881917318,0.0014245320008063457,0.0018276373545328777,9.571436191080125e-05,relu,"(48,)","{'model__activation': 'relu', 'model__hidden_layer_sizes': (48,)}",0.7378277153558053,0.7191011235955056,0.7481203007518797,0.7350163799010635,0.012012656269883933,6,0.8255159474671669,0.8405253283302064,0.8726591760299626,0.8462334839424454,0.01966482952212143
6,0.04219381014506022,0.010877298123196788,0.0016454060872395833,3.6738816868735136e-05,relu,"(96,)","{'model__activation': 'relu', 'model__hidden_layer_sizes': (96,)}",0.700374531835206,0.7378277153558053,0.7105263157894737,0.7162428543268282,0.015815484998227047,10,0.7504690431519699,0.8273921200750469,0.9269662921348315,0.8349424851206161,0.07225222365145852
7,0.056014696756998696,0.01178253176849431,0.0019102891286214192,0.00013215851502454553,relu,"(144,)","{'model__activation': 'relu', 'model__hidden_layer_sizes': (144,)}",0.7453183520599251,0.7490636704119851,0.7443609022556391,0.7462476415758498,0.0020292348864191776,1,0.9474671669793621,0.7936210131332082,0.900749063670412,0.8806124145943274,0.0644012072367366
8,0.06586933135986328,0.007424191678011764,0.00196226437886556,3.8040695230459894e-05,relu,"(96, 48)","{'model__activation': 'relu', 'model__hidden_layer_sizes': (96, 48)}",0.7528089887640449,0.7528089887640449,0.7330827067669173,0.746233561431669,0.009299058511844673,2,0.9230769230769231,0.8855534709193246,0.8895131086142322,0.8993811675368266,0.016833227173871406
9,0.061390956242879234,0.006391869621906968,0.0020780563354492188,4.3303447864955376e-05,relu,"(96, 96)","{'model__activation': 'relu', 'model__hidden_layer_sizes': (96, 96)}",0.7677902621722846,0.7078651685393258,0.7443609022556391,0.7400054443224166,0.024657408921536134,4,0.8048780487804879,0.8255159474671669,0.8820224719101124,0.8374721560525891,0.03260908562353167
0,0.037562052408854164,0.007780042850850266,0.0017540454864501953,0.00013351454621262049,tanh,"(48,)","{'model__activation': 'tanh', 'model__hidden_layer_sizes': (48,)}",0.7453183520599251,0.6816479400749064,0.7180451127819549,0.7150038016389288,0.026082146137246534,8,0.851782363977486,0.7110694183864915,0.8857677902621723,0.8162065242087166,0.07562676142496685
1,0.0424346923828125,0.013675816142489906,0.001826922098795573,4.497644306816787e-05,tanh,"(96,)","{'model__activation': 'tanh', 'model__hidden_layer_sizes': (96,)}",0.7265917602996255,0.6479400749063671,0.6804511278195489,0.6849943210085138,0.032269721174957154,10,0.9024390243902439,0.7542213883677298,0.7528089887640449,0.8031564671740061,0.07020573738998241
2,0.04504720369974772,0.005045207583398043,0.002061764399210612,0.00012902246828874945,tanh,"(144,)","{'model__activation': 'tanh', 'model__hidden_layer_sizes': (144,)}",0.7565543071161048,0.704119850187266,0.7368421052631579,0.7325054208555096,0.02162480353813215,2,0.8142589118198874,0.7786116322701688,0.8389513108614233,0.8106072849838265,0.024768528243671813
3,0.051224311192830406,0.00870023179126456,0.0022451082865397134,4.71793093169281e-05,tanh,"(96, 48)","{'model__activation': 'tanh', 'model__hidden_layer_sizes': (96, 48)}",0.7677902621722846,0.7078651685393258,0.7105263157894737,0.7287272488336948,0.027643078512711323,3,0.7898686679174484,0.8780487804878049,0.8108614232209738,0.826259623875409,0.03760994106860467
4,0.08319918314615886,0.02726186962422825,0.002406040827433268,5.902656395143334e-05,tanh,"(96, 96)","{'model__activation': 'tanh', 'model__hidden_layer_sizes': (96, 96)}",0.7565543071161048,0.7116104868913857,0.7368421052631579,0.7350022997568829,0.018394299974424273,1,0.975609756097561,0.8461538461538461,0.848314606741573,0.8900260696643268,0.06052323388146623
5,0.02870321273803711,0.0018658946099984325,0.0017006397247314453,6.151414961079152e-05,relu,"(48,)","{'model__activation': 'relu', 'model__hidden_layer_sizes': (48,)}",0.7415730337078652,0.7303370786516854,0.7030075187969925,0.7249725437188478,0.01619482245182932,7,0.8198874296435272,0.7936210131332082,0.797752808988764,0.8037537505884998,0.011532262979310691
6,0.043007612228393555,0.007631891083041587,0.0017406940460205078,0.00010422592102537847,relu,"(96,)","{'model__activation': 'relu', 'model__hidden_layer_sizes': (96,)}",0.7415730337078652,0.7153558052434457,0.7218045112781954,0.7262444500765021,0.01115408921990568,5,0.8142589118198874,0.9193245778611632,0.8408239700374532,0.858135819906168,0.0446054828810832
7,0.0552367369333903,0.01191938563900166,0.0017153422037760417,4.738648815140313e-05,relu,"(144,)","{'model__activation': 'relu', 'model__hidden_layer_sizes': (144,)}",0.7453183520599251,0.6891385767790262,0.7443609022556391,0.7262726103648635,0.026260636134685173,4,0.7842401500938087,0.9418386491557224,0.9250936329588015,0.8837241440694442,0.07067718955394779
8,0.06806174914042155,0.011461972527138337,0.001840035120646159,0.00012202829227155069,relu,"(96, 48)","{'model__activation': 'relu', 'model__hidden_layer_sizes': (96, 48)}",0.7116104868913857,0.700374531835206,0.7255639097744361,0.7125163095003426,0.010303448490368499,9,0.9643527204502814,0.851782363977486,0.9138576779026217,0.909997587443463,0.0460376404902751
9,0.07123335202534993,0.011953869241717187,0.0022522608439127603,2.141376996268311e-05,relu,"(96, 96)","{'model__activation': 'relu', 'model__hidden_layer_sizes': (96, 96)}",0.7228464419475655,0.7602996254681648,0.6954887218045113,0.7262115964067473,0.026565723615534564,6,0.924953095684803,0.8255159474671669,0.9531835205992509,0.9012175212504069,0.0547557328971562
0,0.03165928522745768,0.0022951403150106185,0.001659711201985677,9.444552774342467e-05,tanh,"(48,)","{'model__activation': 'tanh', 'model__hidden_layer_sizes': (48,)}",0.7265917602996255,0.6966292134831461,0.7518796992481203,0.725033557676964,0.022582811175410306,9,0.7936210131332082,0.7917448405253283,0.8314606741573034,0.8056088426052801,0.018296045143860733
1,0.04927690823872884,0.00589963318162527,0.0018355846405029297,2.122952002144796e-05,tanh,"(96,)","{'model__activation': 'tanh', 'model__hidden_layer_sizes': (96,)}",0.7490636704119851,0.7153558052434457,0.7481203007518797,0.7375132588024368,0.015672418399703333,6,0.8761726078799249,0.8330206378986866,0.8445692883895131,0.8512541780560415,0.018239863681977202
2,0.03878410657246908,0.0006972398881906066,0.001961390177408854,2.3139570910608858e-05,tanh,"(144,)","{'model__activation': 'tanh', 'model__hidden_layer_sizes': (144,)}",0.7153558052434457,0.6891385767790262,0.7518796992481203,0.7187913604235309,0.025728899337995017,10,0.7560975609756098,0.7823639774859287,0.7677902621722846,0.7687506002112743,0.010744699342318718
3,0.050270636876424156,0.002798582490440716,0.0019857088724772134,1.2655413490204145e-05,tanh,"(96, 48)","{'model__activation': 'tanh', 'model__hidden_layer_sizes': (96, 48)}",0.7415730337078652,0.7565543071161048,0.7593984962406015,0.7525086123548572,0.007819314258185156,3,0.8105065666041276,0.8592870544090057,0.7921348314606742,0.8206428174912691,0.028336230615720128
4,0.0848696231842041,0.019629777834635154,0.0026961167653401694,0.00021250790057396207,tanh,"(96, 96)","{'model__activation': 'tanh', 'model__hidden_layer_sizes': (96, 96)}",0.7453183520599251,0.7378277153558053,0.7180451127819549,0.7337303933992284,0.011505025875394316,7,0.8255159474671669,0.9774859287054409,0.898876404494382,0.9006260935556633,0.062053819964332645
5,0.038266261418660484,0.012671866454551936,0.0017539660135904949,0.00013375846566053264,relu,"(48,)","{'model__activation': 'relu', 'model__hidden_layer_sizes': (48,)}",0.7191011235955056,0.7340823970037453,0.7706766917293233,0.7412867374428581,0.021663128397555974,5,0.776735459662289,0.9455909943714822,0.797752808988764,0.8400264210075118,0.07513694876830174
6,0.03584186236063639,0.0026393968062718306,0.001623074213663737,6.228685062150881e-05,relu,"(96,)","{'model__activation': 'relu', 'model__hidden_layer_sizes': (96,)}",0.7453183520599251,0.7378277153558053,0.7593984962406015,0.7475148545521106,0.008942151657314013,4,0.8386491557223265,0.801125703564728,0.7808988764044944,0.8068912452305163,0.023926342433210315
7,0.040648698806762695,0.0014853376573941393,0.001811981201171875,5.866970497036731e-05,relu,"(144,)","{'model__activation': 'relu', 'model__hidden_layer_sizes': (144,)}",0.7528089887640449,0.7378277153558053,0.7706766917293233,0.7537711319497244,0.013427784672816748,1,0.7617260787992496,0.7954971857410882,0.799625468164794,0.7856162442350438,0.016976762203174196
8,0.06069135665893555,0.003083470798728484,0.0019837220509847007,0.00028536949973127914,relu,"(96, 48)","{'model__activation': 'relu', 'model__hidden_layer_sizes': (96, 48)}",0.7640449438202247,0.7378277153558053,0.7593984962406015,0.7537570518055438,0.011422352022074193,2,0.8461538461538461,0.9512195121951219,0.8913857677902621,0.8962530420464101,0.04303073563696568
9,0.054104010264078774,0.003160834749791934,0.002085606257120768,2.378802048981619e-05,relu,"(96, 96)","{'model__activation': 'relu', 'model__hidden_layer_sizes': (96, 96)}",0.7490636704119851,0.7116104868913857,0.7330827067669173,0.7312522880234295,0.015344881090867785,8,0.8198874296435272,0.7542213883677298,0.7715355805243446,0.7818814661785338,0.027788309972430893
0,0.05973656972249349,0.020665863785342447,0.0018360614776611328,0.00012381065564414002,tanh,"(48,)","{'model__activation': 'tanh', 'model__hidden_layer_sizes': (48,)}",0.7490636704119851,0.7340823970037453,0.7518796992481203,0.7450085888879503,0.00781105013935748,7,0.8292682926829268,0.9080675422138836,0.9719101123595506,0.903081982418787,0.05833988935549718
1,0.035932302474975586,0.001972374016309352,0.0018335978190104167,1.635944521881907e-05,tanh,"(96,)","{'model__activation': 'tanh', 'model__hidden_layer_sizes': (96,)}",0.7378277153558053,0.7153558052434457,0.6917293233082706,0.7149709479691738,0.018821557209455702,10,0.797373358348968,0.8048780487804879,0.7771535580524345,0.7931349883939633,0.01170853481978264
2,0.05440982182820638,0.017958218948038854,0.002038240432739258,5.474324559207622e-05,tanh,"(144,)","{'model__activation': 'tanh', 'model__hidden_layer_sizes': (144,)}",0.7528089887640449,0.7228464419475655,0.7293233082706767,0.7349929129940959,0.01287237005430082,9,0.8086303939962477,0.7448405253283302,0.9176029962546817,0.8236913051930865,0.07132947555629396
3,0.0667254130045573,0.010791896474419119,0.0021817684173583984,3.9593279800281304e-05,tanh,"(96, 48)","{'model__activation': 'tanh', 'model__hidden_layer_sizes': (96, 48)}",0.7640449438202247,0.7602996254681648,0.7142857142857143,0.7462100945247013,0.022625669678812965,6,0.8874296435272045,0.9455909943714822,0.8239700374531835,0.8856635584506233,0.049667249993021606
4,0.05885052680969238,0.00531337651606723,0.0024486382802327475,8.751538897088804e-05,tanh,"(96, 96)","{'model__activation': 'tanh', 'model__hidden_layer_sizes': (96, 96)}",0.7453183520599251,0.7378277153558053,0.7255639097744361,0.7362366590633888,0.008142812478781845,8,0.797373358348968,0.8574108818011257,0.7902621722846442,0.8150154708115793,0.030118326608448542
5,0.03356043497721354,0.004948906577427797,0.0016782283782958984,0.00010825428774323203,relu,"(48,)","{'model__activation': 'relu', 'model__hidden_layer_sizes': (48,)}",0.7715355805243446,0.7453183520599251,0.7406015037593985,0.7524851454478894,0.013607631974354696,4,0.801125703564728,0.8198874296435272,0.900749063670412,0.8405873989595557,0.04322476155284211
6,0.04030799865722656,0.006526349801023779,0.0018137296040852864,7.348923705022153e-05,relu,"(96,)","{'model__activation': 'relu', 'model__hidden_layer_sizes': (96,)}",0.7640449438202247,0.7340823970037453,0.7593984962406015,0.7525086123548572,0.013166660621982806,3,0.8086303939962477,0.8780487804878049,0.8202247191011236,0.8356346311950587,0.030362555215593088
7,0.049811204274495445,0.008145063564041363,0.0017391045888264973,2.194257026015644e-05,relu,"(144,)","{'model__activation': 'relu', 'model__hidden_layer_sizes': (144,)}",0.7902621722846442,0.7453183520599251,0.7593984962406015,0.7649930068617237,0.018769845602550093,1,0.8180112570356473,0.8930581613508443,0.8314606741573034,0.8475100308479316,0.03267206604487329
8,0.05923771858215332,0.0007665433799578594,0.001994609832763672,0.00016643540909670062,relu,"(96, 48)","{'model__activation': 'relu', 'model__hidden_layer_sizes': (96, 48)}",0.7827715355805244,0.7565543071161048,0.7368421052631579,0.758722649319929,0.01881319436378133,2,0.8555347091932458,0.8649155722326454,0.898876404494382,0.8731088953067577,0.018618513101063664
9,0.06403334935506184,0.005147026318194317,0.0020217100779215493,4.268794979965737e-05,relu,"(96, 96)","{'model__activation': 'relu', 'model__hidden_layer_sizes': (96, 96)}",0.7378277153558053,0.7490636704119851,0.7518796992481203,0.7462570283386368,0.006070282399986907,5,0.7692307692307693,0.8536585365853658,0.9101123595505618,0.8443338884555657,0.05789137771042653
0,0.04177300135294596,0.011420512163761557,0.0016846656799316406,8.615481141791725e-05,tanh,"(48,)","{'model__activation': 'tanh', 'model__hidden_layer_sizes': (48,)}",0.7340823970037453,0.7790262172284644,0.7518796992481203,0.7549961044934435,0.018480092538328472,4,0.8330206378986866,0.8236397748592871,0.951310861423221,0.8693237580603982,0.05809999418365219
1,0.044953346252441406,0.0081790338938687,0.0018662611643473308,6.870547079034283e-05,tanh,"(96,)","{'model__activation': 'tanh', 'model__hidden_layer_sizes': (96,)}",0.7415730337078652,0.7453183520599251,0.7631578947368421,0.7500164268348776,0.009417377071256611,5,0.8123827392120075,0.8067542213883677,0.8782771535580525,0.8324713713861426,0.03247098513553396
2,0.05361501375834147,0.007343606078609676,0.002110719680786133,6.882331296031462e-05,tanh,"(144,)","{'model__activation': 'tanh', 'model__hidden_layer_sizes': (144,)}",0.7191011235955056,0.7303370786516854,0.7481203007518797,0.7325195009996902,0.011947116421604558,9,0.8367729831144465,0.7936210131332082,0.8277153558052435,0.8193697840176327,0.01857883302151574
3,0.05595294634501139,0.0037061805383515785,0.0021577676137288413,7.858543844104906e-05,tanh,"(96, 48)","{'model__activation': 'tanh', 'model__hidden_layer_sizes': (96, 48)}",0.7303370786516854,0.7790262172284644,0.7631578947368421,0.7575070635389972,0.020274893731856324,2,0.8292682926829268,0.851782363977486,0.8445692883895131,0.8418733150166419,0.009386943268339842
4,0.07411869366963704,0.009586851500362363,0.0024874210357666016,9.040393228495001e-05,tanh,"(96, 96)","{'model__activation': 'tanh', 'model__hidden_layer_sizes': (96, 96)}",0.7490636704119851,0.7565543071161048,0.7631578947368421,0.7562586240883107,0.005757740365197812,3,0.9099437148217636,0.8311444652908068,0.8764044943820225,0.8724975581648643,0.03228806327023665
5,0.035538673400878906,0.00815385034880981,0.0016553401947021484,8.994691776394374e-05,relu,"(48,)","{'model__activation': 'relu', 'model__hidden_layer_sizes': (48,)}",0.7303370786516854,0.7265917602996255,0.7631578947368421,0.7400289112293844,0.016425980659831967,7,0.8949343339587242,0.7448405253283302,0.8408239700374532,0.8268662764415026,0.062065292261097464
6,0.03661481539408366,0.0028226959777735146,0.0016365845998128254,1.440060498295421e-05,relu,"(96,)","{'model__activation': 'relu', 'model__hidden_layer_sizes': (96,)}",0.7265917602996255,0.7415730337078652,0.7481203007518797,0.7387616982531234,0.009011001379070035,8,0.8405253283302064,0.7786116322701688,0.8295880149812734,0.8162416585272162,0.026980491259460598
7,0.048521200815836586,0.009031043453506237,0.0018633206685384114,0.00010842154607035428,relu,"(144,)","{'model__activation': 'relu', 'model__hidden_layer_sizes': (144,)}",0.7528089887640449,0.7602996254681648,0.7669172932330827,0.7600086358217641,0.005763365335085746,1,0.9061913696060038,0.797373358348968,0.8426966292134831,0.8487537857228183,0.04463075734825349
8,0.07229725519816081,0.014880821249835622,0.002520402272542318,0.0008919085202723971,relu,"(96, 48)","{'model__activation': 'relu', 'model__hidden_layer_sizes': (96, 48)}",0.7303370786516854,0.7640449438202247,0.7368421052631579,0.7437413759116893,0.014600342351382769,6,0.975609756097561,0.8461538461538461,0.9700374531835206,0.9306003518116426,0.0597560143600661
9,0.05424936612447103,0.000873719581095377,0.002152681350708008,0.00012680207945684775,relu,"(96, 96)","{'model__activation': 'relu', 'model__hidden_layer_sizes': (96, 96)}",0.7265917602996255,0.7453183520599251,0.6954887218045113,0.7224662780546872,0.020550956436182224,10,0.8236397748592871,0.7842401500938087,0.702247191011236,0.7700423719881107,0.05056495842432456
0,0.0355684757232666,0.008949919375272496,0.001748959223429362,5.0401459553745014e-05,tanh,"(48,)","{'model__activation': 'tanh', 'model__hidden_layer_sizes': (48,)}",0.6928838951310862,0.7565543071161048,0.7406015037593985,0.7300132353355299,0.02705012522148986,7,0.776735459662289,0.7711069418386491,0.9082397003745318,0.8186940339584899,0.06336002858607595
1,0.0386206309000651,0.002671705238430226,0.0018052260080973308,5.886648653394274e-05,tanh,"(96,)","{'model__activation': 'tanh', 'model__hidden_layer_sizes': (96,)}",0.7602996254681648,0.7490636704119851,0.7105263157894737,0.7399632038898746,0.021314462340279075,3,0.8123827392120075,0.8030018761726079,0.8277153558052435,0.8143666570632863,0.010186296887441168
2,0.04590868949890137,0.0027111575665661786,0.001999934514363607,6.718310477703366e-05,tanh,"(144,)","{'model__activation': 'tanh', 'model__hidden_layer_sizes': (144,)}",0.7265917602996255,0.7265917602996255,0.7368421052631579,0.7300085419541363,0.00483205895547675,8,0.8161350844277674,0.797373358348968,0.8314606741573034,0.8149897056446797,0.013939636393437193
3,0.07929539680480957,0.010315948750505384,0.0020366509755452475,1.4390075016291423e-05,tanh,"(96, 48)","{'model__activation': 'tanh', 'model__hidden_layer_sizes': (96, 48)}",0.7790262172284644,0.7378277153558053,0.7105263157894737,0.7424600827912476,0.028156150841696783,2,0.9530956848030019,0.9512195121951219,0.8951310861423221,0.9331487610468153,0.02689346525052062
4,0.08362984657287598,0.03409235060694844,0.0024830500284830728,5.171808927792956e-05,tanh,"(96, 96)","{'model__activation': 'tanh', 'model__hidden_layer_sizes': (96, 96)}",0.700374531835206,0.7453183520599251,0.7180451127819549,0.721245998892362,0.01848731092789169,10,0.797373358348968,0.9849906191369606,0.846441947565543,0.8762686416838239,0.07944508752556288
5,0.030734539031982422,0.0016016526574568301,0.0016292730967203777,0.00013026825985212607,relu,"(48,)","{'model__activation': 'relu', 'model__hidden_layer_sizes': (48,)}",0.7415730337078652,0.7827715355805244,0.7443609022556391,0.7562351571813428,0.018798538713923583,1,0.7842401500938087,0.7954971857410882,0.8445692883895131,0.8081022080748034,0.02619244385824087
6,0.04153736432393392,0.011968522613455917,0.0016050338745117188,4.6958575362345034e-05,relu,"(96,)","{'model__activation': 'relu', 'model__hidden_layer_sizes': (96,)}",0.7528089887640449,0.7378277153558053,0.7255639097744361,0.738733537964762,0.011141183905871611,4,0.8986866791744841,0.7617260787992496,0.8108614232209738,0.8237580603982358,0.056652707800231544
7,0.056840976079305015,0.011141191633330293,0.0016942024230957031,1.8154287167359803e-05,relu,"(144,)","{'model__activation': 'relu', 'model__hidden_layer_sizes': (144,)}",0.7228464419475655,0.7490636704119851,0.7180451127819549,0.7299850750471686,0.013632260542794207,9,0.900562851782364,0.8461538461538461,0.9719101123595506,0.9062089367652536,0.05149477856524556
8,0.059990644454956055,0.007091377919612423,0.001810312271118164,0.00012250910810489505,relu,"(96, 48)","{'model__activation': 'relu', 'model__hidden_layer_sizes': (96, 48)}",0.7340823970037453,0.7752808988764045,0.706766917293233,0.7387100710577942,0.02816147419741703,5,0.849906191369606,0.9155722326454033,0.9101123595505618,0.891863594521857,0.029751978231296803
9,0.07498669624328613,0.012409370101035273,0.0020399888356526694,6.216261215888545e-05,relu,"(96, 96)","{'model__activation': 'relu', 'model__hidden_layer_sizes': (96, 96)}",0.7228464419475655,0.7265917602996255,0.7518796992481203,0.7337726338317704,0.012894603933003618,6,0.8911819887429644,0.9681050656660413,0.8726591760299626,0.9106487434796561,0.041325499529866624
0,0.038655757904052734,0.0026927045902932142,0.0018543402353922527,5.6769105298375825e-05,tanh,"(48,)","{'model__activation': 'tanh', 'model__hidden_layer_sizes': (48,)}",0.7640449438202247,0.7415730337078652,0.7518796992481203,0.75249922559207,0.009184572052909418,3,0.8142589118198874,0.849906191369606,0.850187265917603,0.8381174563690322,0.01687092887638427
1,0.04743035634358724,0.007764183848734396,0.0019976298014322915,0.00019421680802527325,tanh,"(96,)","{'model__activation': 'tanh', 'model__hidden_layer_sizes': (96,)}",0.7378277153558053,0.7453183520599251,0.7443609022556391,0.7425023232237898,0.0033284777873676006,6,0.7673545966228893,0.8461538461538461,0.8857677902621723,0.8330920776796359,0.049216382460308135
2,0.05566636721293131,0.011886024634340095,0.001987616221110026,1.0095243141301739e-05,tanh,"(144,)","{'model__activation': 'tanh', 'model__hidden_layer_sizes': (144,)}",0.7602996254681648,0.7303370786516854,0.7406015037593985,0.743746069293083,0.012432612281928962,5,0.7786116322701688,0.8780487804878049,0.8558052434456929,0.8374885520678887,0.042611129208899715
3,0.07518728574117024,0.01533569640238075,0.0021271705627441406,5.471624146607304e-05,tanh,"(96, 48)","{'model__activation': 'tanh', 'model__hidden_layer_sizes': (96, 48)}",0.7490636704119851,0.7265917602996255,0.7406015037593985,0.7387523114903364,0.009266834053420901,9,0.8855534709193246,0.9831144465290806,0.8782771535580525,0.9156483570021526,0.047798124967597444
4,0.09229024251302083,0.03671508955784571,0.0023897488911946616,9.461289841894276e-05,tanh,"(96, 96)","{'model__activation': 'tanh', 'model__hidden_layer_sizes': (96, 96)}",0.7490636704119851,0.7228464419475655,0.7406015037593985,0.7375038720396496,0.010924964036318775,10,0.8986866791744841,0.7842401500938087,0.9850187265917603,0.8893151852866844,0.08223493932387763
5,0.028977711995442707,0.0013536239598851282,0.0017084280649820964,0.00017235275986716126,relu,"(48,)","{'model__activation': 'relu', 'model__hidden_layer_sizes': (48,)}",0.7602996254681648,0.7303370786516854,0.7330827067669173,0.7412398036289226,0.013523861007974763,7,0.8217636022514071,0.7711069418386491,0.7602996254681648,0.784390056519407,0.02679285927530396
6,0.040224313735961914,0.0007378361561020141,0.0016101996103922527,2.165485954375946e-05,relu,"(96,)","{'model__activation': 'relu', 'model__hidden_layer_sizes': (96,)}",0.7528089887640449,0.7677902621722846,0.7593984962406015,0.759999249058977,0.006130813768426795,1,0.8236397748592871,0.8367729831144465,0.8595505617977528,0.8399877732571621,0.014835707181914098
7,0.04710491498311361,0.0066203422057271154,0.0017164548238118489,5.2009628506593297e-05,relu,"(144,)","{'model__activation': 'relu', 'model__hidden_layer_sizes': (144,)}",0.7790262172284644,0.7378277153558053,0.7481203007518797,0.7549914111120497,0.01750691781980488,2,0.8292682926829268,0.9324577861163227,0.8426966292134831,0.8681409026709108,0.045808122842952104
8,0.06044435501098633,0.02298597399466283,0.0017963250478108723,3.178179179050235e-05,relu,"(96, 48)","{'model__activation': 'relu', 'model__hidden_layer_sizes': (96, 48)}",0.7228464419475655,0.7565543071161048,0.7406015037593985,0.7400007509410229,0.013767733328733912,8,0.726078799249531,0.9793621013133208,0.8333333333333334,0.8462580779653951,0.103805569998073
9,0.05896298090616862,0.007355585048506312,0.002097924550374349,8.798094252413474e-05,relu,"(96, 96)","{'model__activation': 'relu', 'model__hidden_layer_sizes': (96, 96)}",0.7602996254681648,0.7453183520599251,0.7330827067669173,0.7462335614316692,0.01113009050706459,4,0.8330206378986866,0.8273921200750469,0.9082397003745318,0.8562174861160884,0.03685695895835049
0,0.03683574994405111,0.0026416129456397616,0.0017693837483723958,6.897520871186289e-05,tanh,"(48,)","{'model__activation': 'tanh', 'model__hidden_layer_sizes': (48,)}",0.7528089887640449,0.7565543071161048,0.706766917293233,0.7387100710577942,0.02263891423647006,5,0.8161350844277674,0.8086303939962477,0.846441947565543,0.823735808663186,0.01634536942598898
1,0.0579836368560791,0.016090393674040124,0.0018316904703776042,4.2808511591950505e-05,tanh,"(96,)","{'model__activation': 'tanh', 'model__hidden_layer_sizes': (96,)}",0.7565543071161048,0.7528089887640449,0.7180451127819549,0.7424694695540349,0.017338180511748347,4,0.8348968105065666,0.8292682926829268,0.9569288389513109,0.8736979807136015,0.058897944929977665
2,0.040040810902913414,0.0007280484256634722,0.0019364356994628906,5.0220182234126786e-05,tanh,"(144,)","{'model__activation': 'tanh', 'model__hidden_layer_sizes': (144,)}",0.7490636704119851,0.7303370786516854,0.7142857142857143,0.7312288211164616,0.014212036249785308,9,0.7804878048780488,0.8030018761726079,0.8202247191011236,0.8012381333839267,0.01627039600955202
3,0.06406776110331218,0.017167678323829393,0.002003272374471029,4.047704961937864e-05,tanh,"(96, 48)","{'model__activation': 'tanh', 'model__hidden_layer_sizes': (96, 48)}",0.7602996254681648,0.7340823970037453,0.7105263157894737,0.734969446087128,0.02032954715268671,8,0.9212007504690432,0.7729831144465291,0.9662921348314607,0.886825333249011,0.08257661623136797
4,0.05363941192626953,0.0036699344672628856,0.002469937006632487,5.2566235534868855e-05,tanh,"(96, 96)","{'model__activation': 'tanh', 'model__hidden_layer_sizes': (96, 96)}",0.7303370786516854,0.7640449438202247,0.7180451127819549,0.7374757117512883,0.019445928036230818,7,0.7842401500938087,0.8086303939962477,0.8295880149812734,0.80748618635711,0.01853085932175545
5,0.031316677729288735,0.0014278647831291263,0.0017395814259847004,0.00016432066460481598,relu,"(48,)","{'model__activation': 'relu', 'model__hidden_layer_sizes': (48,)}",0.7565543071161048,0.7303370786516854,0.7255639097744361,0.7374850985140754,0.01362404303216607,6,0.7954971857410882,0.797373358348968,0.8220973782771536,0.8049893074557365,0.012121456769893724
6,0.042563279469807945,0.007032670396099647,0.0017162164052327473,1.8006873494666053e-05,relu,"(96,)","{'model__activation': 'relu', 'model__hidden_layer_sizes': (96,)}",0.7490636704119851,0.7752808988764045,0.7218045112781954,0.7487163601888617,0.02183302507566288,3,0.9080675422138836,0.8574108818011257,0.7640449438202247,0.843174455945078,0.059652516448072554
7,0.06304709116617839,0.017135089141016264,0.0017963250478108723,2.8672635927804704e-05,relu,"(144,)","{'model__activation': 'relu', 'model__hidden_layer_sizes': (144,)}",0.7865168539325843,0.7340823970037453,0.7481203007518797,0.7562398505627366,0.02216285759559305,1,0.8217636022514071,0.9681050656660413,0.9194756554307116,0.9031147744493867,0.06085345675444679
8,0.05336896578470866,0.0069804428404214025,0.001790444056193034,5.3893967688488585e-05,relu,"(96, 48)","{'model__activation': 'relu', 'model__hidden_layer_sizes': (96, 48)}",0.7565543071161048,0.7378277153558053,0.6992481203007519,0.7312100475908873,0.023858540145535,10,0.7823639774859287,0.8273921200750469,0.9026217228464419,0.8374592734691392,0.04960841335159221
9,0.06213529904683431,0.007305293403142412,0.0019865830739339194,3.2691660980733244e-05,relu,"(96, 96)","{'model__activation': 'relu', 'model__hidden_layer_sizes': (96, 96)}",0.7715355805243446,0.7378277153558053,0.7556390977443609,0.7550007978748369,0.013768578081939131,2,0.9287054409005628,0.8086303939962477,0.9063670411985019,0.8812342920317708,0.052142404578083
0,0.041352430979410805,0.011385572783372344,0.0016797383626302083,3.206372881290371e-05,tanh,"(48,)","{'model__activation': 'tanh', 'model__hidden_layer_sizes': (48,)}",0.7116104868913857,0.7453183520599251,0.7781954887218046,0.7450414425577051,0.027183918362928407,2,0.924953095684803,0.8667917448405253,0.7546816479400749,0.8488088294884678,0.07066649565713996
1,0.06473636627197266,0.01843867580306669,0.0018309752146402996,2.9736021254650286e-05,tanh,"(96,)","{'model__activation': 'tanh', 'model__hidden_layer_sizes': (96,)}",0.7265917602996255,0.6853932584269663,0.7631578947368421,0.7250476378211447,0.031766050019617145,10,0.8592870544090057,0.9774859287054409,0.8726591760299626,0.9031440530481364,0.05285035014924066
2,0.055971225102742515,0.004522259647265754,0.0021209716796875,0.00016399501413526775,tanh,"(144,)","{'model__activation': 'tanh', 'model__hidden_layer_sizes': (144,)}",0.7116104868913857,0.7191011235955056,0.7556390977443609,0.7287835694104174,0.019234378269645348,9,0.8592870544090057,0.8105065666041276,0.8146067415730337,0.828133454195389,0.022092426506177845
3,0.05061531066894531,0.0016582880413343814,0.002019008000691732,4.297769984927013e-05,tanh,"(96, 48)","{'model__activation': 'tanh', 'model__hidden_layer_sizes': (96, 48)}",0.7528089887640449,0.704119850187266,0.7669172932330827,0.7412820440614646,0.02690145663844751,3,0.8161350844277674,0.849906191369606,0.8089887640449438,0.8250100132807724,0.017844368604253064
4,0.05112417538960775,0.0026241583001512044,0.0023908615112304688,7.890274276656033e-05,tanh,"(96, 96)","{'model__activation': 'tanh', 'model__hidden_layer_sizes': (96, 96)}",0.7191011235955056,0.7453183520599251,0.7481203007518797,0.7375132588024368,0.01306950066061755,5,0.8105065666041276,0.7954971857410882,0.8014981273408239,0.8025006265620132,0.006168421299344322
5,0.03415989875793457,0.0074429067867631225,0.001683632532755534,0.0001156492047151339,relu,"(48,)","{'model__activation': 'relu', 'model__hidden_layer_sizes': (48,)}",0.7378277153558053,0.7265917602996255,0.7593984962406015,0.7412726572986775,0.013613013369996428,4,0.8030018761726079,0.8048780487804879,0.9157303370786517,0.8412034206772492,0.052704053968930284
6,0.03640580177307129,0.0017017487910689097,0.001741170883178711,5.0387046549675136e-05,relu,"(96,)","{'model__activation': 'relu', 'model__hidden_layer_sizes': (96,)}",0.7228464419475655,0.7303370786516854,0.7481203007518797,0.7337679404503769,0.010599374013792611,7,0.7804878048780488,0.8123827392120075,0.8352059925093633,0.80935884553314,0.022440706527049714
7,0.04984966913859049,0.00741725889199983,0.0018391609191894531,0.0001290610368684423,relu,"(144,)","{'model__activation': 'relu', 'model__hidden_layer_sizes': (144,)}",0.7116104868913857,0.7303370786516854,0.7556390977443609,0.7325288877624773,0.018041298249558673,8,0.8030018761726079,0.8367729831144465,0.8801498127340824,0.8399748906737123,0.03157678670518253
8,0.05841207504272461,0.012304856976689553,0.0018610159556070964,6.439989415804955e-05,relu,"(96, 48)","{'model__activation': 'relu', 'model__hidden_layer_sizes': (96, 48)}",0.7565543071161048,0.7303370786516854,0.7669172932330827,0.7512695596669575,0.015394250905369795,1,0.8255159474671669,0.9587242026266416,0.8258426966292135,0.8700276155743407,0.06271810003126965
9,0.06200400988260905,0.01000962554389233,0.0020099480946858725,7.338086811248983e-05,relu,"(96, 96)","{'model__activation': 'relu', 'model__hidden_layer_sizes': (96, 96)}",0.704119850187266,0.7378277153558053,0.7631578947368421,0.7350351534266378,0.02418293444636268,6,0.8836772983114447,0.8536585365853658,0.7865168539325843,0.8412842296097983,0.04061921214416146
0,0.03254866600036621,0.004226804463785384,0.0016490618387858074,7.964782528324051e-05,tanh,"(48,)","{'model__activation': 'tanh', 'model__hidden_layer_sizes': (48,)}",0.7265917602996255,0.7640449438202247,0.7518796992481203,0.7475054677893235,0.015599907362935782,7,0.8217636022514071,0.7804878048780488,0.846441947565543,0.8162311182316663,0.027208375168712325
1,0.0460054079691569,0.009759104380585646,0.0017883777618408203,2.5723438556156896e-05,tanh,"(96,)","{'model__activation': 'tanh', 'model__hidden_layer_sizes': (96,)}",0.7378277153558053,0.7752808988764045,0.7330827067669173,0.7487304403330425,0.018873683852995746,6,0.8292682926829268,0.7936210131332082,0.8632958801498127,0.8287283953219825,0.028447207130819798
2,0.04358267784118652,0.0068136113684714155,0.001915295918782552,2.0193301442946886e-05,tanh,"(144,)","{'model__activation': 'tanh', 'model__hidden_layer_sizes': (144,)}",0.700374531835206,0.7640449438202247,0.7255639097744361,0.7299944618099556,0.026181452520058122,10,0.7617260787992496,0.8292682926829268,0.8146067415730337,0.80186703768507,0.02900819085984563
3,0.04709068934122721,0.005039333499907261,0.001989285151163737,7.655014625071862e-06,tanh,"(96, 48)","{'model__activation': 'tanh', 'model__hidden_layer_sizes': (96, 48)}",0.7490636704119851,0.7602996254681648,0.6992481203007519,0.7362038053936338,0.02653115988191142,8,0.801125703564728,0.8724202626641651,0.795880149812734,0.8231420386805425,0.03491070970133501
4,0.06290030479431152,0.006936375936547633,0.0024436314900716147,7.788405126184678e-05,tanh,"(96, 96)","{'model__activation': 'tanh', 'model__hidden_layer_sizes': (96, 96)}",0.7640449438202247,0.7902621722846442,0.7481203007518797,0.7674758056189163,0.017374549271512,2,0.8836772983114447,0.8273921200750469,0.8089887640449438,0.8400193941438118,0.031771898752675
5,0.03439497947692871,0.005520549495171538,0.0016536712646484375,9.414928011370694e-05,relu,"(48,)","{'model__activation': 'relu', 'model__hidden_layer_sizes': (48,)}",0.7378277153558053,0.7528089887640449,0.7142857142857143,0.7349741394685215,0.015855973440979373,9,0.8367729831144465,0.8461538461538461,0.7471910112359551,0.8100392801680826,0.04460514789920373
6,0.04729477564493815,0.010633568202561311,0.0015919208526611328,2.1228627481033388e-05,relu,"(96,)","{'model__activation': 'relu', 'model__hidden_layer_sizes': (96,)}",0.7602996254681648,0.7528089887640449,0.7556390977443609,0.7562492373255235,0.0030883234167482006,3,0.8592870544090057,0.8367729831144465,0.951310861423221,0.8824569663155577,0.04954704838290535
7,0.0455320676167806,0.00412308750637265,0.0017286936442057292,2.063143602129014e-05,relu,"(144,)","{'model__activation': 'relu', 'model__hidden_layer_sizes': (144,)}",0.7640449438202247,0.7827715355805244,0.7781954887218046,0.7750039893741846,0.007971221604564975,1,0.8198874296435272,0.8480300187617261,0.8202247191011236,0.8293807225021257,0.013187762743753835
8,0.050008694330851235,0.0029089619593116946,0.0018483797709147136,5.3985299966537726e-05,relu,"(96, 48)","{'model__activation': 'relu', 'model__hidden_layer_sizes': (96, 48)}",0.7415730337078652,0.7640449438202247,0.7518796992481203,0.75249922559207,0.009184572052909418,5,0.7861163227016885,0.8424015009380863,0.8239700374531835,0.8174959536976528,0.0234299045755773
9,0.0634450117746989,0.00606272172956524,0.0021660327911376953,0.00010385877458664483,relu,"(96, 96)","{'model__activation': 'relu', 'model__hidden_layer_sizes': (96, 96)}",0.7640449438202247,0.7528089887640449,0.7443609022556391,0.7537382782799695,0.008062797584477688,4,0.8555347091932458,0.8480300187617261,0.9363295880149812,0.8799647719899845,0.03997352839706999
