,mean_fit_time,mean_score_time,mean_test_score,mean_train_score,param_model__degree,param_model__kernel,params,rank_test_score,split0_test_score,split0_train_score,split1_test_score,split1_train_score,split2_test_score,split2_train_score,std_fit_time,std_score_time,std_test_score,std_train_score
0,0.2413464387257894,0.04315034548441569,0.5234813680449208,0.5290964777947932,,linear,{'model__kernel': 'linear'},2,0.5283307810107197,0.5287136294027565,0.5260336906584993,0.5298621745788668,0.5160796324655437,0.5287136294027565,0.007368822908122498,0.002742169124486039,0.005317168620724756,0.0005414293883511242
1,0.19453652699788412,0.06454086303710938,0.5689127105666157,0.6174068402246045,,rbf,{'model__kernel': 'rbf'},1,0.555895865237366,0.6198315467075038,0.5673813169984686,0.6282542113323124,0.5834609494640123,0.6041347626339969,0.0013059933490891051,0.0007991023271483612,0.011305377534635081,0.009994877105258452
0,0.21816937128702799,0.04101832707722982,0.5267993874425727,0.5280755487493619,,linear,{'model__kernel': 'linear'},2,0.5344563552833078,0.526416539050536,0.5076569678407351,0.5359877488514548,0.5382848392036753,0.5218223583460949,0.002591200965120526,0.0013207985504197265,0.013625674134802567,0.005900780000866221
1,0.19588565826416016,0.0647581418355306,0.5778458397141398,0.6217457886676877,,rbf,{'model__kernel': 'rbf'},1,0.5957120980091883,0.6205972434915773,0.5551301684532925,0.6217457886676876,0.5826952526799387,0.6228943338437979,0.00192711200297833,0.0011002150652180296,0.016918645655106195,0.0009377832093350879
0,0.2212196191151937,0.041479269663492836,0.5262889229198571,0.5298621745788668,,linear,{'model__kernel': 'linear'},2,0.5428790199081164,0.5275650842266463,0.5191424196018377,0.5325421133231241,0.5168453292496171,0.52947932618683,0.0009338342581217231,0.0009945685125074756,0.011768393959569677,0.0020498185814457645
1,0.19448955853780112,0.06403644879659016,0.5592138846350179,0.6213629402756509,,rbf,{'model__kernel': 'rbf'},1,0.5727411944869831,0.613323124042879,0.5505359877488515,0.6294027565084227,0.554364471669219,0.6213629402756509,0.0036163805525434643,0.0006903627323462172,0.009692106965823117,0.006564482465345434
0,0.22683278719584146,0.040628910064697266,0.52475752935171,0.529606942317509,,linear,{'model__kernel': 'linear'},2,0.5344563552833078,0.524885145482389,0.5206738131699847,0.5329249617151608,0.5191424196018377,0.531010719754977,0.013903441828486234,0.0002970120122714982,0.006886542911297604,0.003429052792890361
1,0.1931913693745931,0.06362160046895345,0.5712098009188362,0.6216181725370086,,rbf,{'model__kernel': 'rbf'},1,0.5719754977029097,0.6244257274119449,0.5765696784073507,0.6205972434915773,0.5650842266462481,0.6198315467075038,0.002954577974431387,0.0005209149088622301,0.004720071977771038,0.0020097008356334575
0,0.2223051389058431,0.04241824150085449,0.5227156712608473,0.5290964777947932,,linear,{'model__kernel': 'linear'},2,0.5122511485451761,0.5317764165390505,0.5313935681470138,0.5222052067381318,0.5245022970903522,0.5333078101071975,0.01087931082623753,0.00218755563003111,0.007916315681097937,0.004912806675579377
1,0.19284296035766602,0.06430276234944661,0.5676365492598264,0.6242981112812659,,rbf,{'model__kernel': 'rbf'},1,0.5451761102603369,0.6370597243491577,0.5803981623277182,0.6137059724349158,0.5773353751914242,0.6221286370597243,0.0005745103526645612,0.00015643436572968834,0.015931073541936968,0.00965675569800541
0,0.2142465909322103,0.04124681154886881,0.5193976518631955,0.529351710056151,,linear,{'model__kernel': 'linear'},2,0.5153139356814701,0.527947932618683,0.5183767228177641,0.5348392036753445,0.5245022970903522,0.5252679938744257,0.0004785215641613655,0.0014992999859621246,0.003819966704210271,0.004031538795030968
1,0.19505874315897623,0.06470402081807454,0.5681470137825421,0.6245533435426238,,rbf,{'model__kernel': 'rbf'},1,0.5681470137825421,0.6209800918836141,0.5520673813169985,0.638208269525268,0.5842266462480857,0.6144716692189893,0.005729576269608905,0.0014643924072510264,0.013128964930690823,0.010014411085662792
0,0.21747835477193198,0.0413050651550293,0.5260336906584993,0.5301174068402247,,linear,{'model__kernel': 'linear'},2,0.5344563552833078,0.5218223583460949,0.5168453292496171,0.5421133231240429,0.5267993874425727,0.526416539050536,0.004886025267795834,0.0013990633947884253,0.0072100290412585805,0.00868727535738518
1,0.19676923751831055,0.06684613227844238,0.5775906074527821,0.622766717713119,,rbf,{'model__kernel': 'rbf'},1,0.5803981623277182,0.6236600306278713,0.5750382848392037,0.6163859111791731,0.5773353751914242,0.6282542113323124,0.003569105939695463,0.002788350699654081,0.002195590930842926,0.004886214833863349
0,0.2330040136973063,0.04184333483378092,0.5224604389994895,0.5285860132720775,,linear,{'model__kernel': 'linear'},2,0.5160796324655437,0.5317764165390505,0.5313935681470138,0.5214395099540582,0.5199081163859112,0.5325421133231241,0.016581167577708028,0.0006991289305904021,0.006507171405810077,0.005063000108442414
1,0.19506295522054037,0.06587807337443034,0.5689127105666157,0.6216181725370087,,rbf,{'model__kernel': 'rbf'},1,0.5482388973966309,0.6217457886676876,0.5819295558958653,0.611791730474732,0.5765696784073507,0.6313169984686064,0.0032399803620804827,0.0014204579216418553,0.014781452001603154,0.007971668038152847
0,0.22546625137329102,0.04158941904703776,0.52475752935171,0.5296069423175089,,linear,{'model__kernel': 'linear'},2,0.5099540581929556,0.5401990811638591,0.5390505359877489,0.5164624808575804,0.5252679938744257,0.5321592649310873,0.004276987547936673,0.0008747763910589927,0.011884070165209626,0.009857055394245785
1,0.19878371556599936,0.06591097513834636,0.5645737621235324,0.6185553854007146,,rbf,{'model__kernel': 'rbf'},1,0.5436447166921899,0.6236600306278713,0.5803981623277182,0.6171516079632465,0.5696784073506891,0.614854517611026,0.0030168976415249345,0.0016050919355552842,0.015432584438826903,0.0037293617141915284
0,0.2210510571797689,0.04108166694641113,0.52475752935171,0.5306278713629403,,linear,{'model__kernel': 'linear'},2,0.5260336906584993,0.526416539050536,0.5199081163859112,0.5325421133231241,0.5283307810107197,0.5329249617151608,0.007419422847623351,0.0006512303873557525,0.00355497403705567,0.0029819605527177015
1,0.19598674774169922,0.06476561228434245,0.5709545686574783,0.6269780500255232,,rbf,{'model__kernel': 'rbf'},1,0.5811638591117917,0.6286370597243491,0.5773353751914242,0.6236600306278713,0.554364471669219,0.6286370597243491,0.0016607802288859312,0.0013914109683528786,0.011834633097876081,0.002346194016188135
0,0.2268392244974772,0.04128392537434896,0.5239918325676365,0.5289688616641144,,linear,{'model__kernel': 'linear'},2,0.5336906584992342,0.5267993874425727,0.5153139356814701,0.5306278713629403,0.5229709035222052,0.52947932618683,0.008030267260297532,0.0012518943803407707,0.00753691835642337,0.0016041098889710017
1,0.19308074315388998,0.06504344940185547,0.5732516590096989,0.6240428790199081,,rbf,{'model__kernel': 'rbf'},1,0.5727411944869831,0.6125574272588055,0.5643185298621746,0.6248085758039816,0.5826952526799387,0.6347626339969372,0.004573212878178679,0.0011949790824834416,0.007510943833365057,0.009081391972770416
0,0.21268598238627115,0.04192376136779785,0.5255232261357835,0.5270546197039306,,linear,{'model__kernel': 'linear'},2,0.5168453292496171,0.5256508422664625,0.5245022970903522,0.5298621745788668,0.5352220520673813,0.5256508422664625,0.0024397804447038648,0.001210644564519844,0.007536918356423369,0.001985241090620701
1,0.19490909576416016,0.06678303082784016,0.5684022460439,0.6205972434915773,,rbf,{'model__kernel': 'rbf'},1,0.5620214395099541,0.6171516079632465,0.5735068912710567,0.6251914241960184,0.5696784073506891,0.6194486983154671,0.0047157432729262394,0.0036727042569097298,0.004774958380262808,0.003381225446526739
0,0.21916762987772623,0.04066713651021322,0.5245022970903522,0.5261613067891782,,linear,{'model__kernel': 'linear'},2,0.5214395099540582,0.5287136294027565,0.5298621745788668,0.5252679938744257,0.5222052067381318,0.5245022970903522,0.0037613386973373996,0.0002962611132835644,0.0038028750448573937,0.0018316360508431806
1,0.19500358899434408,0.06533082326253255,0.5597243491577336,0.6222562531904032,,rbf,{'model__kernel': 'rbf'},1,0.55895865237366,0.6213629402756509,0.5704441041347627,0.6232771822358346,0.5497702909647779,0.6221286370597243,0.003593744618928301,0.0018907586891126415,0.008457397409791184,0.0007866786629618347
0,0.22162620226542154,0.04094235102335612,0.5222052067381318,0.5317764165390506,,linear,{'model__kernel': 'linear'},2,0.5160796324655437,0.527947932618683,0.5275650842266463,0.5363705972434916,0.5229709035222052,0.531010719754977,0.0041923530557231815,0.0007405784173220666,0.004720071977771039,0.0034809039553307373
1,0.19706225395202637,0.06442618370056152,0.5615109749872383,0.6225114854517612,,rbf,{'model__kernel': 'rbf'},1,0.55895865237366,0.6167687595712098,0.5666156202143952,0.6236600306278713,0.55895865237366,0.6271056661562021,0.0032583280631637195,0.0005412562808592778,0.0036095292556740737,0.00429746254223652
0,0.22596470514933267,0.04052193959554037,0.5255232261357836,0.5312659520163349,,linear,{'model__kernel': 'linear'},2,0.5290964777947933,0.5302450229709035,0.5352220520673813,0.5256508422664625,0.5122511485451761,0.5379019908116386,0.008653186622148566,0.0004935547277449599,0.00971224991855052,0.005053340957943662
1,0.1941539446512858,0.0640426476796468,0.5727411944869831,0.6246809596733027,,rbf,{'model__kernel': 'rbf'},1,0.5842266462480857,0.6175344563552833,0.5750382848392037,0.6240428790199081,0.55895865237366,0.6324655436447167,0.00529757593310831,0.0004350756203051268,0.01044271186599222,0.006112266470050093
0,0.22452123959859213,0.04110598564147949,0.5242470648289944,0.5308831036242981,,linear,{'model__kernel': 'linear'},2,0.5229709035222052,0.5271822358346095,0.5214395099540582,0.5356049004594181,0.5283307810107197,0.5298621745788668,0.006322396357863872,0.0009725217657882315,0.0029545270298086223,0.003513501760575857
1,0.1954499880472819,0.06408270200093587,0.5678917815211842,0.6228943338437979,,rbf,{'model__kernel': 'rbf'},1,0.5666156202143952,0.6236600306278713,0.5635528330781011,0.6282542113323124,0.5735068912710567,0.6167687595712098,0.006565437772024081,0.0011506830265160478,0.00416271220783565,0.004720071977771038
0,0.21872862180074057,0.04104073842366537,0.5257784583971414,0.5297345584481878,,linear,{'model__kernel': 'linear'},2,0.5298621745788668,0.5321592649310873,0.5229709035222052,0.5275650842266463,0.5245022970903522,0.52947932618683,0.00814884948246145,0.0008792924676855677,0.0029545270298086223,0.0018842295891058555
1,0.1942593256632487,0.06438231468200684,0.5691679428279736,0.6234047983665135,,rbf,{'model__kernel': 'rbf'},1,0.5627871362940275,0.6255742725880551,0.5681470137825421,0.6248085758039816,0.5765696784073507,0.6198315467075038,0.0027672529631296156,0.00026472351112709645,0.005672820513244766,0.0025459338110336753
0,0.2228700319925944,0.042684713999430336,0.5273098519652885,0.5280755487493619,,linear,{'model__kernel': 'linear'},2,0.5321592649310873,0.5256508422664625,0.5245022970903522,0.5302450229709035,0.5252679938744257,0.5283307810107197,0.013268698540990683,0.0015496622261989888,0.003443271455648839,0.001884229589105808
1,0.1947319507598877,0.06441291173299153,0.5740173557937723,0.6222562531904032,,rbf,{'model__kernel': 'rbf'},1,0.5796324655436447,0.614854517611026,0.5712098009188361,0.6294027565084227,0.5712098009188361,0.622511485451761,0.0029299945939914836,0.00033923745831145936,0.003970482181241455,0.005942035082604812
0,0.21752103169759116,0.041378021240234375,0.5211842776927004,0.5298621745788669,,linear,{'model__kernel': 'linear'},2,0.5206738131699847,0.5271822358346095,0.5183767228177641,0.5359877488514548,0.5245022970903522,0.526416539050536,0.007753278782698808,0.0015197385357365847,0.002526670478971848,0.0043427002366446
1,0.19384551048278809,0.06499346097310384,0.5643185298621746,0.6193210821847882,,rbf,{'model__kernel': 'rbf'},1,0.5658499234303216,0.6156202143950995,0.5604900459418071,0.6244257274119449,0.5666156202143952,0.6179173047473201,0.003178328636960593,0.0018380514913977893,0.002725134826960522,0.0037293617141915653
0,0.23021658261617026,0.04141640663146973,0.5250127616130679,0.5292240939254722,,linear,{'model__kernel': 'linear'},2,0.5260336906584993,0.5352220520673813,0.5390505359877489,0.5225880551301685,0.5099540581929556,0.5298621745788668,0.006067240974896859,0.0009581055411948126,0.011900503549642451,0.00517750453677914
1,0.19462299346923828,0.06411504745483398,0.5722307299642675,0.6226391015824401,,rbf,{'model__kernel': 'rbf'},1,0.5803981623277182,0.6251914241960184,0.5758039816232772,0.627488514548239,0.5604900459418071,0.6152373660030628,0.005661812928123114,0.0008013893824250868,0.008511144461732031,0.00531716862072479
0,0.1990381876627604,0.04595303535461426,0.5068912710566615,0.5200357325165901,2,poly,"{'model__degree': 2, 'model__kernel': 'poly'}",5,0.503062787136294,0.5222052067381318,0.5045941807044411,0.5164624808575804,0.5130168453292496,0.5214395099540582,0.0060269575062801535,0.00047440580552121837,0.004376321643563612,0.0025459338110337066
1,0.19995768864949545,0.04575077692667643,0.5237366003062788,0.5872894333843798,3,poly,"{'model__degree': 3, 'model__kernel': 'poly'}",1,0.5168453292496171,0.582312404287902,0.5283307810107197,0.5922664624808576,0.5260336906584993,0.5872894333843798,0.004137502641897899,0.000962199734854432,0.004962282311185199,0.004063727240451926
2,0.21603314081827799,0.04589962959289551,0.5132720775906074,0.6066870852475753,4,poly,"{'model__degree': 4, 'model__kernel': 'poly'}",3,0.501531393568147,0.6049004594180705,0.5168453292496171,0.6064318529862175,0.5214395099540582,0.608728943338438,0.01166779589953639,0.0008960939591237639,0.008511144461732031,0.0015733573259236633
3,0.23144928614298502,0.047253052393595375,0.5186319550791221,0.6342521694742215,5,poly,"{'model__degree': 5, 'model__kernel': 'poly'}",2,0.5191424196018377,0.6244257274119449,0.5176110260336907,0.641271056661562,0.5191424196018377,0.6370597243491577,0.006486958538759633,0.0014330357206135949,0.0007219058511348148,0.0071578885463910785
4,0.2432116667429606,0.04751960436503092,0.5127616130678918,0.6472690148034712,6,poly,"{'model__degree': 6, 'model__kernel': 'poly'}",4,0.5107197549770292,0.6393568147013783,0.5145482388973966,0.6539050535987749,0.5130168453292496,0.6485451761102603,0.0045883245683247175,0.0019257882614258357,0.0015733573259236633,0.0060074539540274745
0,0.1973717212677002,0.04672431945800781,0.5025523226135783,0.5193976518631955,2,poly,"{'model__degree': 2, 'model__kernel': 'poly'}",5,0.5084226646248086,0.5107197549770292,0.501531393568147,0.5149310872894334,0.49770290964777947,0.5325421133231241,0.006301219479618247,0.001133277333732835,0.004435463807295242,0.009452212448770392
1,0.20612732569376627,0.04628594716389974,0.5319040326697295,0.5917559979581419,3,poly,"{'model__degree': 3, 'model__kernel': 'poly'}",1,0.5405819295558959,0.5922664624808576,0.5290964777947933,0.5888208269525268,0.5260336906584993,0.5941807044410413,0.010573270495676464,0.001661140991048717,0.006262299206934818,0.002217731903647611
2,0.21101133028666177,0.04596074422200521,0.5160796324655436,0.6043899948953547,4,poly,"{'model__degree': 4, 'model__kernel': 'poly'}",4,0.5099540581929556,0.6060490045941807,0.5199081163859112,0.5987748851454824,0.5183767228177641,0.6083460949464012,0.013883894707171133,0.00043444010123530103,0.004376321643563612,0.004079726228470082
3,0.23381527264912924,0.04791108767191569,0.521694742215416,0.6337417049515058,5,poly,"{'model__degree': 5, 'model__kernel': 'poly'}",3,0.5206738131699847,0.6362940275650842,0.5260336906584993,0.6309341500765697,0.5183767228177641,0.6339969372128637,0.006591659314729206,0.0006572271631669601,0.0032082197779419535,0.002195590930842922
4,0.23100757598876953,0.0479272206624349,0.5224604389994895,0.6447166921898928,6,poly,"{'model__degree': 6, 'model__kernel': 'poly'}",2,0.5214395099540582,0.6447166921898928,0.5306278713629403,0.6450995405819295,0.5153139356814701,0.6443338437978561,0.0025118365862795543,0.002154084100012496,0.00629342930369475,0.00031259440311166576
0,0.18910765647888184,0.045874993006388344,0.5040837161817254,0.5208014293006636,2,poly,"{'model__degree': 2, 'model__kernel': 'poly'}",5,0.498468606431853,0.5241194486983155,0.5183767228177641,0.5091883614088821,0.49540581929555894,0.5290964777947933,0.003135429695740825,0.0003532878714082177,0.010183735244134764,0.00845932282755311
1,0.20812106132507324,0.047094106674194336,0.5347115875446656,0.5886932108218478,3,poly,"{'model__degree': 3, 'model__kernel': 'poly'}",1,0.5352220520673813,0.5895865237366003,0.5436447166921899,0.5861408882082695,0.5252679938744257,0.5903522205206738,0.0040386783872041945,0.0013589294042611277,0.007510943833365101,0.001831636050843214
2,0.21289261182149252,0.04608631134033203,0.5150587034201123,0.6061766207248596,4,poly,"{'model__degree': 4, 'model__kernel': 'poly'}",4,0.5099540581929556,0.6075803981623277,0.5260336906584993,0.6037519142419602,0.5091883614088821,0.607197549770291,0.00803375766160664,0.00012006263480263136,0.007766781038643663,0.0017216357278243936
3,0.23500553766886392,0.04752182960510254,0.518631955079122,0.6331036242981113,5,poly,"{'model__degree': 5, 'model__kernel': 'poly'}",2,0.5137825421133231,0.6355283307810107,0.5329249617151608,0.6290199081163859,0.5091883614088821,0.6347626339969372,0.007728955778109217,0.001107340337339301,0.010279239696581037,0.0029044937919196242
4,0.23934563000996908,0.046170711517333984,0.5165900969882592,0.6463757018887187,6,poly,"{'model__degree': 6, 'model__kernel': 'poly'}",3,0.5068912710566615,0.6477794793261868,0.5283307810107197,0.6435681470137825,0.5145482388973966,0.6477794793261868,0.014177361362719527,0.00042312646172965214,0.008870927614590483,0.0019852410906207535
0,0.19846534729003906,0.048162619272867836,0.49872383869321085,0.5256508422664625,2,poly,"{'model__degree': 2, 'model__kernel': 'poly'}",5,0.5068912710566615,0.5271822358346095,0.4992343032159265,0.5275650842266463,0.4900459418070444,0.5222052067381318,0.02438290772883123,0.002304390514775592,0.006886542911297611,0.0024414403355932784
1,0.20311768849690756,0.04517571131388346,0.5324144971924452,0.5881827462991321,3,poly,"{'model__degree': 3, 'model__kernel': 'poly'}",1,0.5290964777947933,0.5937978560490046,0.5367534456355283,0.5941807044410413,0.5313935681470138,0.5765696784073507,0.0024192772744833467,0.00022509461013430542,0.0032082197779419157,0.008213166365341513
2,0.2127563158671061,0.04613105456034342,0.5076569678407351,0.6100051046452272,4,poly,"{'model__degree': 4, 'model__kernel': 'poly'}",4,0.4946401225114854,0.6094946401225115,0.5091883614088821,0.6106431852986217,0.5191424196018377,0.6098774885145483,0.0038377729599680175,0.00046714364609757924,0.01006146163574634,0.0004774958380262492
3,0.22685893376668295,0.04744879404703776,0.5193976518631955,0.6356559469116897,5,poly,"{'model__degree': 5, 'model__kernel': 'poly'}",2,0.5168453292496171,0.6405053598774885,0.5191424196018377,0.6343797856049005,0.5222052067381318,0.6320826952526799,0.008902321717759225,0.0006740161496364597,0.0021955909308429694,0.003554974037055657
4,0.23294854164123535,0.046709696451822914,0.5086778968861664,0.6479070954568659,6,poly,"{'model__degree': 6, 'model__kernel': 'poly'}",3,0.501531393568147,0.6485451761102603,0.5068912710566615,0.6458652373660031,0.5176110260336907,0.6493108728943339,0.0020362112006727514,0.00045846718355256627,0.006684941732367954,0.0014772635149043034
0,0.19260168075561523,0.04720759391784668,0.5005104645227156,0.5205461970393058,2,poly,"{'model__degree': 2, 'model__kernel': 'poly'}",5,0.4885145482388974,0.5241194486983155,0.5091883614088821,0.5202909647779479,0.5038284839203675,0.5172281776416539,0.004728167337095303,0.00034397001314907696,0.008760082849275415,0.0028191324699304255
1,0.2069209416707357,0.04598387082417806,0.5375191424196019,0.588310362429811,3,poly,"{'model__degree': 3, 'model__kernel': 'poly'}",1,0.5367534456355283,0.5964777947932619,0.5344563552833078,0.5872894333843798,0.5413476263399694,0.5811638591117917,0.005177307947867408,0.0007387302966101551,0.0028649750281576833,0.00629342930369475
2,0.20736034711201987,0.04702409108479818,0.5183767228177641,0.6045176110260337,4,poly,"{'model__degree': 4, 'model__kernel': 'poly'}",3,0.5061255742725881,0.6041347626339969,0.5206738131699847,0.6064318529862175,0.5283307810107197,0.6029862174578867,0.0011020666193279273,0.0014548414267698318,0.009209606203506216,0.0014324875140788464
3,0.22717905044555664,0.04767998059590658,0.5252679938744257,0.6343797856049005,5,poly,"{'model__degree': 5, 'model__kernel': 'poly'}",2,0.5130168453292496,0.6309341500765697,0.5290964777947933,0.6370597243491577,0.5336906584992342,0.635145482388974,0.00349756400421432,0.0010912743203280826,0.008863581089425884,0.0025586954639820253
4,0.23368040720621744,0.046481053034464516,0.5183767228177641,0.6453547728432873,6,poly,"{'model__degree': 6, 'model__kernel': 'poly'}",3,0.5053598774885145,0.6431852986217458,0.5237366003062787,0.6470137825421133,0.5260336906584993,0.6458652373660031,0.011668047238972043,0.0008684960280974755,0.009251949443793709,0.0016041098889709637
0,0.19180727005004883,0.04646428426106771,0.5053598774885145,0.5243746809596733,2,poly,"{'model__degree': 2, 'model__kernel': 'poly'}",5,0.4992343032159265,0.5317764165390505,0.5053598774885145,0.5214395099540582,0.5114854517611026,0.5199081163859112,0.004246375912276128,0.0015395975489008347,0.005001510449786991,0.005271025122017186
1,0.2027582327524821,0.04766209920247396,0.5336906584992344,0.5890760592138847,3,poly,"{'model__degree': 3, 'model__kernel': 'poly'}",1,0.5229709035222052,0.586906584992343,0.5321592649310873,0.5960949464012251,0.5459418070444104,0.5842266462480857,0.002039007777599507,0.0005095555712518898,0.009440143955542076,0.0050822633363297115
2,0.2097177505493164,0.04597099622090658,0.5168453292496172,0.6066870852475753,4,poly,"{'model__degree': 4, 'model__kernel': 'poly'}",3,0.5114854517611026,0.6106431852986217,0.5137825421133231,0.6079632465543645,0.5252679938744257,0.6014548238897397,0.0022713306624736855,0.00033127208917732245,0.006029102506900303,0.0038581461097067097
3,0.2269306182861328,0.04755878448486328,0.5222052067381316,0.6336140888208269,5,poly,"{'model__degree': 5, 'model__kernel': 'poly'}",2,0.5130168453292496,0.6374425727411945,0.5222052067381318,0.6385911179173047,0.5313935681470138,0.6248085758039816,0.00334383753456623,0.0011020856116731178,0.0075022656746804766,0.0062440683117534765
4,0.23245628674825033,0.04776851336161295,0.5158244002041859,0.6438233792751403,6,poly,"{'model__degree': 6, 'model__kernel': 'poly'}",4,0.5045941807044411,0.6500765696784073,0.5206738131699847,0.6473966309341501,0.5222052067381318,0.6339969372128637,0.006495549682504755,0.0005035750079134349,0.007965536770968484,0.007033952924717057
0,0.19336597124735513,0.04795606931050619,0.5025523226135783,0.5208014293006636,2,poly,"{'model__degree': 2, 'model__kernel': 'poly'}",5,0.4946401225114854,0.5321592649310873,0.503062787136294,0.5172281776416539,0.5099540581929556,0.5130168453292496,0.00989769828405574,0.002876764755777034,0.0062622992069348215,0.008213166365341572
1,0.21291565895080566,0.04559906323750814,0.5319040326697295,0.5876722817764165,3,poly,"{'model__degree': 3, 'model__kernel': 'poly'}",1,0.5176110260336907,0.5934150076569679,0.5245022970903522,0.5926493108728943,0.5535987748851455,0.5769525267993875,0.01606478634069366,0.00033458377854876485,0.015596341110211536,0.007586454286728853
2,0.22357821464538574,0.04631559054056803,0.5222052067381316,0.6046452271567127,4,poly,"{'model__degree': 4, 'model__kernel': 'poly'}",3,0.5245022970903522,0.6171516079632465,0.5114854517611026,0.6049004594180705,0.5306278713629403,0.5918836140888208,0.014513599531582183,0.000605404329710969,0.007981876350746259,0.0103171939415047
3,0.23646767934163412,0.04688215255737305,0.5306278713629403,0.6310617662072486,5,poly,"{'model__degree': 5, 'model__kernel': 'poly'}",2,0.5237366003062787,0.6385911179173047,0.5168453292496171,0.6385911179173047,0.5513016845329249,0.6160030627871363,0.011356195861307745,0.00027283135751081025,0.01488684693355558,0.010648111304238426
4,0.24205931027730307,0.0463560422261556,0.5219499744767738,0.6426748340990301,6,poly,"{'model__degree': 6, 'model__kernel': 'poly'}",4,0.5068912710566615,0.6519908116385911,0.5199081163859112,0.6454823889739663,0.5390505359877489,0.6305513016845329,0.016356893850981637,0.0003727606858428706,0.013208115398607077,0.008974962211596344
0,0.19031310081481934,0.045449256896972656,0.49642674834099026,0.5237366003062788,2,poly,"{'model__degree': 2, 'model__kernel': 'poly'}",5,0.5022970903522205,0.5156967840735069,0.4900459418070444,0.5290964777947933,0.49693721286370596,0.526416539050536,0.0036332703409468893,0.0002992159816840942,0.005014518301273206,0.005789329363049376
1,0.20452753702799478,0.04544838269551595,0.5265441551812149,0.5865237366003063,3,poly,"{'model__degree': 3, 'model__kernel': 'poly'}",1,0.5298621745788668,0.5918836140888208,0.5290964777947933,0.582312404287902,0.5206738131699847,0.585375191424196,0.011254780189599885,0.00041000520470908753,0.004162712207835633,0.0039909381753731295
2,0.2210392951965332,0.047620693842569985,0.5127616130678918,0.6042623787646758,4,poly,"{'model__degree': 4, 'model__kernel': 'poly'}",4,0.5153139356814701,0.6060490045941807,0.5183767228177641,0.5957120980091883,0.5045941807044411,0.6110260336906586,0.010789707659168502,0.0011135461733334825,0.005909054059617245,0.006378253700663526
3,0.22709202766418457,0.046878655751546226,0.5219499744767738,0.6328483920367535,5,poly,"{'model__degree': 5, 'model__kernel': 'poly'}",2,0.5199081163859112,0.6324655436447167,0.5344563552833078,0.6343797856049005,0.5114854517611026,0.6316998468606432,0.004433801237256988,0.0005266097527683207,0.009488325827177698,0.0011270751488422588
4,0.23712579409281412,0.046194235483805336,0.5155691679428279,0.6431852986217458,6,poly,"{'model__degree': 6, 'model__kernel': 'poly'}",3,0.5145482388973966,0.6416539050535988,0.5168453292496171,0.6431852986217458,0.5153139356814701,0.6447166921898928,0.004701733254517615,0.0002981093811957634,0.0009549916760525479,0.0012503776124467537
0,0.1966837247212728,0.04761656125386556,0.5,0.523353751914242,2,poly,"{'model__degree': 2, 'model__kernel': 'poly'}",5,0.5038284839203675,0.5191424196018377,0.49387442572741197,0.52947932618683,0.5022970903522205,0.5214395099540582,0.012022157200932117,0.0005883025449178275,0.004376321643563586,0.004431790544712942
1,0.1995999018351237,0.045241355895996094,0.5334354262378764,0.5858856559469117,3,poly,"{'model__degree': 3, 'model__kernel': 'poly'}",1,0.5505359877488515,0.5781010719754976,0.5222052067381318,0.5857580398162328,0.5275650842266463,0.5937978560490046,0.012179667277779518,0.0008403892261265029,0.012288313544880771,0.0064088205867737415
2,0.20533029238382974,0.04711627960205078,0.5222052067381316,0.6006891271056661,4,poly,"{'model__degree': 4, 'model__kernel': 'poly'}",4,0.5245022970903522,0.5964777947932619,0.5168453292496171,0.6045176110260337,0.5252679938744257,0.6010719754977029,0.006807337528414729,0.0023594991299189716,0.003802875044857416,0.003293386396264407
3,0.24434471130371094,0.047816832860310875,0.5262889229198571,0.6328483920367535,5,poly,"{'model__degree': 5, 'model__kernel': 'poly'}",2,0.5344563552833078,0.6244257274119449,0.5214395099540582,0.6324655436447167,0.5229709035222052,0.6416539050535988,0.01652374470998434,0.0012529357407040024,0.005808987583839228,0.007038582048564387
4,0.24723569552103677,0.04667798678080241,0.5224604389994896,0.642930066360388,6,poly,"{'model__degree': 6, 'model__kernel': 'poly'}",3,0.5260336906584993,0.6339969372128637,0.5191424196018377,0.6443338437978561,0.5222052067381318,0.650459418070444,0.010471559484850297,0.0004805627687545156,0.0028191324699303787,0.006793686398267573
0,0.19144495328267416,0.046206394831339516,0.5040837161817254,0.5211842776927004,2,poly,"{'model__degree': 2, 'model__kernel': 'poly'}",5,0.5091883614088821,0.5252679938744257,0.5099540581929556,0.5145482388973966,0.49310872894333846,0.5237366003062787,0.008492476829785532,0.0007415064231454865,0.007766781038643663,0.0047338532391504075
1,0.214508056640625,0.04618970553080241,0.5339458907605921,0.588565594691169,3,poly,"{'model__degree': 3, 'model__kernel': 'poly'}",1,0.5375191424196019,0.5815467075038285,0.5298621745788668,0.5892036753445635,0.5344563552833078,0.5949464012251149,0.003920403690989514,0.0009781368412204883,0.003146714651847375,0.005488977327107333
2,0.2123560110727946,0.050969839096069336,0.5163348647269014,0.6051556916794283,4,poly,"{'model__degree': 4, 'model__kernel': 'poly'}",4,0.5222052067381318,0.5976263399693721,0.5122511485451761,0.6075803981623277,0.5145482388973966,0.610260336906585,0.009513133201412475,0.007676204521599981,0.004255572230866059,0.005435308687862913
3,0.23220396041870117,0.04688398043314616,0.5181214905564063,0.6320826952526799,5,poly,"{'model__degree': 5, 'model__kernel': 'poly'}",3,0.5229709035222052,0.6267228177641654,0.5214395099540582,0.6244257274119449,0.5099540581929556,0.6450995405819295,0.01203039011849565,0.0002576268641919019,0.005808987583839228,0.009251949443793678
4,0.23625795046488443,0.04654359817504883,0.5199081163859112,0.6445890760592139,6,poly,"{'model__degree': 6, 'model__kernel': 'poly'}",2,0.5313935681470138,0.639739663093415,0.5206738131699847,0.6443338437978561,0.5076569678407351,0.6496937212863706,0.001992151064476207,6.246415104856895e-05,0.00970554024595789,0.004067732886806844
0,0.1925929387410482,0.04597115516662598,0.5,0.5204185809086269,2,poly,"{'model__degree': 2, 'model__kernel': 'poly'}",5,0.5199081163859112,0.5195252679938744,0.49693721286370596,0.5252679938744257,0.4831546707503829,0.5164624808575804,0.004206929282982644,0.0006066550321152124,0.01516002287383102,0.0036499105783754514
1,0.20473535855611166,0.04567146301269531,0.529351710056151,0.5874170495150587,3,poly,"{'model__degree': 3, 'model__kernel': 'poly'}",1,0.5482388973966309,0.5842266462480857,0.5260336906584993,0.583843797856049,0.5137825421133231,0.5941807044410413,0.010830553270062096,0.0007024551267597515,0.014261066916486974,0.004785179494449372
2,0.21374972661336264,0.0456551710764567,0.5150587034201123,0.6050280755487494,4,poly,"{'model__degree': 4, 'model__kernel': 'poly'}",4,0.5375191424196019,0.5987748851454824,0.5038284839203675,0.6056661562021439,0.5038284839203675,0.6106431852986217,0.006647545413758215,0.0002612586346428117,0.015881928724965872,0.004866175590846753
3,0.22957237561543783,0.04699023564656576,0.520163348647269,0.630423685553854,5,poly,"{'model__degree': 5, 'model__kernel': 'poly'}",2,0.5428790199081164,0.6228943338437979,0.5099540581929556,0.6297856049004594,0.5076569678407351,0.6385911179173047,0.012280602248249036,0.00036178149470552506,0.016089757542087264,0.0064240494888479684
4,0.24004371960957846,0.04714369773864746,0.5188871873404799,0.6436957631444615,6,poly,"{'model__degree': 6, 'model__kernel': 'poly'}",3,0.5375191424196019,0.6320826952526799,0.5107197549770292,0.6496937212863706,0.5084226646248086,0.6493108728943339,0.005614751734576474,0.0011823426298702537,0.013208115398607058,0.008213166365341565
0,0.19236318270365396,0.04558682441711426,0.5056151097498724,0.521694742215416,2,poly,"{'model__degree': 2, 'model__kernel': 'poly'}",5,0.5099540581929556,0.5160796324655437,0.49617151607963245,0.526416539050536,0.5107197549770292,0.5225880551301685,0.008537044724169395,0.0002694620099111,0.006684941732367961,0.004267037646069537
1,0.2028354008992513,0.044983228047688804,0.5331801939765186,0.5880551301684533,3,poly,"{'model__degree': 3, 'model__kernel': 'poly'}",1,0.5290964777947933,0.5834609494640123,0.5306278713629403,0.5926493108728943,0.5398162327718223,0.5880551301684533,0.009961579268955092,0.00027088298289770774,0.0047338532391504075,0.0037511328373402153
2,0.2148900826772054,0.04706796010335287,0.5132720775906076,0.6047728432873914,4,poly,"{'model__degree': 4, 'model__kernel': 'poly'}",4,0.5290964777947933,0.5976263399693721,0.5076569678407351,0.614854517611026,0.503062787136294,0.6018376722817764,0.005678287960381979,0.0009652088972666786,0.011345641026489474,0.007333209749136642
3,0.23238865534464517,0.04736169179280599,0.5196528841245533,0.6348902501276161,5,poly,"{'model__degree': 5, 'model__kernel': 'poly'}",3,0.5229709035222052,0.6347626339969372,0.5130168453292496,0.6408882082695253,0.5229709035222052,0.6290199081163859,0.006452881081290789,0.00041979684418689894,0.00469238803237627,0.004846053482911604
4,0.22977646191914877,0.046838601430257164,0.5209290454313424,0.644461459928535,6,poly,"{'model__degree': 6, 'model__kernel': 'poly'}",2,0.5153139356814701,0.6408882082695253,0.5191424196018377,0.6535222052067381,0.5283307810107197,0.6389739663093414,0.005937012286634736,0.0005679949357005908,0.005462208922672966,0.006454399497908001
0,0.2040433088938395,0.04594890276590983,0.4982133741704951,0.5195252679938744,2,poly,"{'model__degree': 2, 'model__kernel': 'poly'}",5,0.4992343032159265,0.5195252679938744,0.49617151607963245,0.5176110260336907,0.4992343032159265,0.5214395099540582,0.020003847306677598,0.0009745931211632591,0.0014438117022696295,0.0015629720155584193
1,0.2058748404184977,0.04549392064412435,0.5290964777947932,0.5856304236855538,3,poly,"{'model__degree': 3, 'model__kernel': 'poly'}",1,0.5382848392036753,0.5792496171516079,0.5237366003062787,0.5903522205206738,0.5252679938744257,0.5872894333843798,0.004166876556507748,0.0004899816910283241,0.006527162762911911,0.004681964351159823
2,0.20803141593933105,0.04774634043375651,0.5117406840224604,0.605538540071465,4,poly,"{'model__degree': 4, 'model__kernel': 'poly'}",4,0.5183767228177641,0.6018376722817764,0.5122511485451761,0.6033690658499234,0.5045941807044411,0.6114088820826953,0.0072011368422758935,0.002301883498089522,0.005638264939860757,0.004197775447523879
3,0.22950363159179688,0.04898397127787272,0.5229709035222051,0.6315722307299643,5,poly,"{'model__degree': 5, 'model__kernel': 'poly'}",2,0.5367534456355283,0.6297856049004594,0.5252679938744257,0.6324655436447167,0.5068912710566615,0.6324655436447167,0.007031951927364467,0.0010567266812669075,0.01229891148867458,0.0012633352394859389
4,0.24005707105000815,0.0468283494313558,0.5142930066360387,0.6449719244512506,6,poly,"{'model__degree': 6, 'model__kernel': 'poly'}",3,0.5252679938744257,0.641271056661562,0.5153139356814701,0.6493108728943339,0.5022970903522205,0.6443338437978561,0.0019489808876320366,0.0001600195848204183,0.009405577219340624,0.003313107449144254
0,0.20228036244710287,0.04511864980061849,0.5020418580908627,0.5206738131699847,2,poly,"{'model__degree': 2, 'model__kernel': 'poly'}",5,0.5091883614088821,0.5130168453292496,0.5038284839203675,0.5229709035222052,0.49310872894333846,0.5260336906584993,0.013940167870983185,0.0004424231900748245,0.006684941732367944,0.00555679965724279
1,0.20110273361206055,0.04619701703389486,0.5336906584992344,0.5915007656967841,3,poly,"{'model__degree': 3, 'model__kernel': 'poly'}",1,0.5535987748851455,0.5830781010719756,0.5306278713629403,0.5987748851454824,0.5168453292496171,0.5926493108728943,0.0033909406484142796,0.0005857346983012792,0.015160022873831062,0.006459443968781883
2,0.21715887387593588,0.047423998514811196,0.5150587034201123,0.6083460949464011,4,poly,"{'model__degree': 4, 'model__kernel': 'poly'}",3,0.5214395099540582,0.6121745788667687,0.503062787136294,0.6075803981623277,0.5206738131699847,0.6052833078101072,0.014774581364141627,0.0021694949868825072,0.00848815168367325,0.0028649750281576833
3,0.23232881228129068,0.047756592432657875,0.5135273098519653,0.6359111791730475,5,poly,"{'model__degree': 5, 'model__kernel': 'poly'}",4,0.5099540581929556,0.6336140888208269,0.5229709035222052,0.6359111791730475,0.5076569678407351,0.638208269525268,0.008894287375444884,0.000777797008581565,0.006743157127934094,0.0018755664186701304
4,0.23564831415812174,0.04682461420694987,0.5181214905564063,0.6456100051046452,6,poly,"{'model__degree': 6, 'model__kernel': 'poly'}",2,0.5153139356814701,0.6450995405819295,0.5237366003062787,0.6485451761102603,0.5153139356814701,0.6431852986217458,0.0007969271528328625,0.0008089168516646734,0.003970482181241455,0.002217731903647611
0,0.19644498825073242,0.04607494672139486,0.4951505870342012,0.5191424196018376,2,poly,"{'model__degree': 2, 'model__kernel': 'poly'}",5,0.49234303215926495,0.5356049004594181,0.49770290964777947,0.5187595712098009,0.49540581929555894,0.503062787136294,0.010758740209765064,0.0009206315881530034,0.0021955909308429243,0.01328802003189906
1,0.2002240022023519,0.04562664031982422,0.5252679938744258,0.5899693721286371,3,poly,"{'model__degree': 3, 'model__kernel': 'poly'}",1,0.5237366003062787,0.5903522205206738,0.5145482388973966,0.5918836140888208,0.5375191424196019,0.5876722817764165,0.003931124176858961,0.0011371909928328443,0.009440143955542083,0.001740451977665393
2,0.20596750577290854,0.045406341552734375,0.5186319550791221,0.6037519142419602,4,poly,"{'model__degree': 4, 'model__kernel': 'poly'}",3,0.5176110260336907,0.599540581929556,0.5,0.607197549770291,0.5382848392036753,0.6045176110260337,0.001719849044824663,0.00032917401380162657,0.015646382974981204,0.0031724867010352095
3,0.22689072291056314,0.0506439208984375,0.5229709035222052,0.6336140888208269,5,poly,"{'model__degree': 5, 'model__kernel': 'poly'}",2,0.5298621745788668,0.6320826952526799,0.5061255742725881,0.6362940275650842,0.5329249617151608,0.6324655436447167,0.0027031060181680923,0.006026485404180044,0.011976894544818836,0.0019014375224287116
4,0.24520301818847656,0.04593904813130697,0.518631955079122,0.6448443083205717,6,poly,"{'model__degree': 6, 'model__kernel': 'poly'}",4,0.5245022970903522,0.6439509954058193,0.5022970903522205,0.6466309341500766,0.5290964777947933,0.6439509954058193,0.01982515373876957,0.0008051231581735807,0.011701779873759756,0.0012633352394858866
0,0.1943546930948893,0.04664770762125651,0.4984686064318529,0.5204185809086269,2,poly,"{'model__degree': 2, 'model__kernel': 'poly'}",5,0.5068912710566615,0.5130168453292496,0.49387442572741197,0.5225880551301685,0.4946401225114854,0.5256508422664625,0.015040080350599125,0.0011602893756602949,0.005963921105435377,0.0053811048091648985
1,0.19925467173258463,0.04611762364705404,0.5280755487493619,0.5881827462991321,3,poly,"{'model__degree': 3, 'model__kernel': 'poly'}",1,0.5298621745788668,0.5796324655436447,0.5275650842266463,0.5922664624808576,0.5267993874425727,0.5926493108728943,0.0026915244380440735,0.0018610380406976646,0.0013014342811620168,0.006047981424743648
2,0.2174650033315023,0.04575808842976888,0.5165900969882593,0.6034966819806025,4,poly,"{'model__degree': 4, 'model__kernel': 'poly'}",4,0.5176110260336907,0.599540581929556,0.5160796324655437,0.6014548238897397,0.5160796324655437,0.6094946401225115,0.010024740150789004,0.0005516910556733564,0.0007219058511348148,0.004312594499416999
3,0.2293097178141276,0.046750148137410484,0.5224604389994895,0.6305513016845329,5,poly,"{'model__degree': 5, 'model__kernel': 'poly'}",2,0.5237366003062787,0.6286370597243491,0.5191424196018377,0.6313169984686064,0.5245022970903522,0.6316998468606432,0.009749491819345035,0.000772630474333092,0.0023669266195751938,0.0013625674134802711
4,0.24082430203755698,0.045845985412597656,0.5199081163859112,0.642930066360388,6,poly,"{'model__degree': 6, 'model__kernel': 'poly'}",3,0.5214395099540582,0.6420367534456355,0.5099540581929556,0.6401225114854517,0.5283307810107197,0.6466309341500766,0.008863302386919006,0.0002065583864964623,0.00758001143691551,0.0027311044613364892
0,0.19258491198221842,0.04513303438822428,0.503318019397652,0.5214395099540582,2,poly,"{'model__degree': 2, 'model__kernel': 'poly'}",5,0.5007656967840735,0.5130168453292496,0.5045941807044411,0.5283307810107197,0.5045941807044411,0.5229709035222052,0.0019282937039998575,0.0006022674586349617,0.0018047646278370629,0.006344973402070459
1,0.21083267529805502,0.045938332875569664,0.5298621745788669,0.5880551301684532,3,poly,"{'model__degree': 3, 'model__kernel': 'poly'}",1,0.5367534456355283,0.5784839203675345,0.5344563552833078,0.5803981623277182,0.5183767228177641,0.6052833078101072,0.008621323214231745,0.0005194943824379281,0.008175404480881554,0.01220720167796642
2,0.20349534352620444,0.045493761698404946,0.5227156712608473,0.6050280755487494,4,poly,"{'model__degree': 4, 'model__kernel': 'poly'}",2,0.5344563552833078,0.6022205206738132,0.5153139356814701,0.5964777947932619,0.5183767228177641,0.6163859111791731,0.007428994334598438,0.00025613778426212587,0.008395550895047758,0.008366402962268385
3,0.23035764694213867,0.04680331548055013,0.517100561510975,0.6339969372128637,5,poly,"{'model__degree': 5, 'model__kernel': 'poly'}",4,0.5344563552833078,0.6286370597243491,0.5168453292496171,0.6297856049004594,0.5,0.6435681470137825,0.007496498179900727,0.001026713679244823,0.01406790584943407,0.006784090791221027
4,0.2362652619679769,0.04620917638142904,0.5176110260336907,0.6458652373660031,6,poly,"{'model__degree': 6, 'model__kernel': 'poly'}",3,0.5245022970903522,0.6458652373660031,0.5183767228177641,0.6393568147013783,0.5099540581929556,0.6523736600306279,0.007330628758932935,0.0011556497901569214,0.005963921105435393,0.0053141048528986806
0,0.187728484471639,0.047016302744547524,0.49923430321592654,0.5190148034711588,2,poly,"{'model__degree': 2, 'model__kernel': 'poly'}",5,0.4946401225114854,0.5252679938744257,0.5045941807044411,0.5107197549770292,0.498468606431853,0.5210566615620215,0.01451427257505679,0.0021363327284777247,0.00409963716289155,0.006112266470050014
1,0.20321186383565268,0.045526345570882164,0.5354772843287391,0.5907350689127105,3,poly,"{'model__degree': 3, 'model__kernel': 'poly'}",1,0.5359877488514548,0.5895865237366003,0.5398162327718223,0.5911179173047473,0.5306278713629403,0.5915007656967841,0.001366129086987315,3.546235377318883e-05,0.003768459178211664,0.0008270470518642284
2,0.21267135938008627,0.04605515797932943,0.5196528841245533,0.6031138335885656,4,poly,"{'model__degree': 4, 'model__kernel': 'poly'}",3,0.5214395099540582,0.5980091883614089,0.5199081163859112,0.6060490045941807,0.5176110260336907,0.6052833078101072,0.012280261900224443,0.0007799920163543883,0.0015733573259236633,0.003623039705609558
3,0.22747166951497397,0.04639967282613119,0.5206738131699846,0.6375701888718734,5,poly,"{'model__degree': 5, 'model__kernel': 'poly'}",2,0.5176110260336907,0.6297856049004594,0.5290964777947933,0.6424196018376723,0.5153139356814701,0.6405053598774885,0.004305549141875768,0.00022758751494392722,0.006029102506900336,0.005559729686266454
4,0.23676085472106934,0.04658047358194987,0.5171005615109749,0.6461204696273609,6,poly,"{'model__degree': 6, 'model__kernel': 'poly'}",4,0.5038284839203675,0.6405053598774885,0.5252679938744257,0.6535222052067381,0.5222052067381318,0.6443338437978561,0.005254812778883159,0.00013524034562409416,0.009467706478300886,0.005462208922672966
0,0.18959379196166992,0.045300563176472984,0.49770290964777947,0.5195252679938743,2,poly,"{'model__degree': 2, 'model__kernel': 'poly'}",5,0.49387442572741197,0.524885145482389,0.5107197549770292,0.5168453292496171,0.4885145482388974,0.5168453292496171,0.013206780962051183,0.0003587242028964171,0.009460823375625666,0.0037900057184577646
1,0.202726682027181,0.04522927602132162,0.5395610005104645,0.5833333333333334,3,poly,"{'model__degree': 3, 'model__kernel': 'poly'}",1,0.5467075038284839,0.5846094946401225,0.5444104134762634,0.5765696784073507,0.5275650842266463,0.5888208269525268,0.006926649094632286,0.0006653431267143588,0.00853407529213907,0.005082263336329702
2,0.2133793036142985,0.045658111572265625,0.5191424196018377,0.6082184788157222,4,poly,"{'model__degree': 4, 'model__kernel': 'poly'}",3,0.5153139356814701,0.611791730474732,0.5245022970903522,0.6006891271056661,0.5176110260336907,0.6121745788667687,0.011623043796882167,0.0002807020105748207,0.003904302843486065,0.0053263493503596816
3,0.23410439491271973,0.047155300776163735,0.5227156712608474,0.63208269525268,5,poly,"{'model__degree': 5, 'model__kernel': 'poly'}",2,0.5267993874425727,0.6313169984686064,0.5313935681470138,0.6294027565084227,0.5099540581929556,0.6355283307810107,0.009720855678079504,0.0010622536618793566,0.009216676919483297,0.0025586954639820253
4,0.233413298924764,0.046267429987589516,0.5181214905564063,0.6484175599795814,6,poly,"{'model__degree': 6, 'model__kernel': 'poly'}",4,0.5267993874425727,0.6519908116385911,0.5199081163859112,0.6454823889739663,0.5076569678407351,0.6477794793261868,0.016551331771448557,0.0009237439842823398,0.00791631568109789,0.0026950883208196595
0,0.1989447275797526,0.04633593559265137,0.5045941807044411,0.5218223583460949,2,poly,"{'model__degree': 2, 'model__kernel': 'poly'}",5,0.498468606431853,0.5237366003062787,0.5176110260336907,0.5179938744257274,0.49770290964777947,0.5237366003062787,0.017026794045370216,0.00035923031907227683,0.009209606203506256,0.002707146941755516
1,0.2064837614695231,0.04648359616597494,0.531138335885656,0.5871618172537009,3,poly,"{'model__degree': 3, 'model__kernel': 'poly'}",1,0.5375191424196019,0.586906584992343,0.5352220520673813,0.585375191424196,0.5206738131699847,0.5892036753445635,0.010423292566860563,0.0006932824288090388,0.007458723428383057,0.0015733573259236633
2,0.2168433666229248,0.04641000429789225,0.5081674323634507,0.6047728432873916,4,poly,"{'model__degree': 4, 'model__kernel': 'poly'}",4,0.5076569678407351,0.6068147013782542,0.5061255742725881,0.6033690658499234,0.5107197549770292,0.6041347626339969,0.0058493520840225445,0.0008311389834834003,0.0019099833521051353,0.0014772635149043192
3,0.22488673528035483,0.04817469914754232,0.5178662582950485,0.6291475242470649,5,poly,"{'model__degree': 5, 'model__kernel': 'poly'}",2,0.5245022970903522,0.6316998468606432,0.5091883614088821,0.6278713629402757,0.5199081163859112,0.6278713629402757,0.009844651716748521,0.001534188689746542,0.00641643955588387,0.0018047646278370106
4,0.24054272969563803,0.047228336334228516,0.5150587034201123,0.6445890760592139,6,poly,"{'model__degree': 6, 'model__kernel': 'poly'}",3,0.5176110260336907,0.6508422664624809,0.5176110260336907,0.6424196018376723,0.5099540581929556,0.6405053598774885,0.017048007586731178,0.001026280650378443,0.003609529255674074,0.004490202165839527
