,mean_fit_time,std_fit_time,mean_score_time,std_score_time,param_model__n_neighbors,params,split0_test_score,split1_test_score,split2_test_score,mean_test_score,std_test_score,rank_test_score,split0_train_score,split1_train_score,split2_train_score,mean_train_score,std_train_score
0,0.0033309459686279297,0.00010802457899344079,0.023525396982828777,0.0012442853038777983,1,{'model__n_neighbors': 1},0.6049004594180705,0.5980091883614089,0.6003062787136294,0.6010719754977029,0.002864975028157683,13,1.0,1.0,1.0,1.0,0.0
1,0.0033036073048909507,7.04446101445625e-05,0.04171895980834961,0.002183801557518584,5,{'model__n_neighbors': 5},0.608728943338438,0.6301684532924962,0.5972434915773354,0.6120469627360898,0.013644784486598937,12,1.0,1.0,1.0,1.0,0.0
2,0.0035676161448160806,4.258929715441037e-05,0.048982699712117515,0.0016400979821379676,9,{'model__n_neighbors': 9},0.6140888208269525,0.6416539050535988,0.6140888208269525,0.6232771822358346,0.012994305320426613,11,1.0,1.0,1.0,1.0,0.0
3,0.003302971522013346,7.566909751085628e-05,0.05125308036804199,0.0034417286071934247,13,{'model__n_neighbors': 13},0.6232771822358346,0.6439509954058193,0.6362940275650842,0.6345074017355795,0.008534075292139114,10,1.0,1.0,1.0,1.0,0.0
4,0.0032640298207600913,2.123606417159109e-05,0.05253307024637858,0.0013331285138173201,17,{'model__n_neighbors': 17},0.6316998468606432,0.6516079632465543,0.6278713629402757,0.6370597243491577,0.010405215472506113,9,1.0,1.0,1.0,1.0,0.0
5,0.0033115545908610025,9.143061517889716e-05,0.0551293690999349,0.0011563173328318745,21,{'model__n_neighbors': 21},0.6393568147013783,0.6531393568147014,0.6263399693721287,0.6396120469627361,0.010942292552437973,8,1.0,1.0,1.0,1.0,0.0
6,0.003362258275349935,5.6152285621044e-05,0.05854328473409017,0.0023080249616408226,25,{'model__n_neighbors': 25},0.6424196018376723,0.6539050535987749,0.6263399693721287,0.6408882082695252,0.011305377534635081,7,1.0,1.0,1.0,1.0,0.0
7,0.003281275431315104,3.1845519621451415e-05,0.05990290641784668,0.00109791863538404,29,{'model__n_neighbors': 29},0.6431852986217458,0.6523736600306279,0.6332312404287902,0.642930066360388,0.007816943762691979,6,1.0,1.0,1.0,1.0,0.0
8,0.003311793009440104,4.9456899877079105e-05,0.06098524729410807,0.001146430134058515,33,{'model__n_neighbors': 33},0.6454823889739663,0.6477794793261868,0.6416539050535988,0.6449719244512506,0.002526670478971848,3,1.0,1.0,1.0,1.0,0.0
9,0.003247419993082682,2.1275286800726924e-05,0.06256373723347981,0.0008438008039814989,37,{'model__n_neighbors': 37},0.6493108728943339,0.6462480857580398,0.6393568147013783,0.6449719244512506,0.00416271220783565,3,1.0,1.0,1.0,1.0,0.0
10,0.0033071041107177734,9.705071261149073e-05,0.06519261995951335,0.001332125662618477,41,{'model__n_neighbors': 41},0.6485451761102603,0.6447166921898928,0.6416539050535988,0.6449719244512506,0.0028191324699303787,3,1.0,1.0,1.0,1.0,0.0
11,0.0032667318979899087,2.476673206120562e-05,0.06802964210510254,0.0014601226538818516,45,{'model__n_neighbors': 45},0.6462480857580398,0.655436447166922,0.6393568147013783,0.6470137825421133,0.006586772792528822,2,1.0,1.0,1.0,1.0,0.0
12,0.0032715797424316406,5.411664102031281e-05,0.06717228889465332,0.0007584943272219662,49,{'model__n_neighbors': 49},0.6539050535987749,0.6493108728943339,0.6393568147013783,0.6475242470648289,0.006072168072164538,1,1.0,1.0,1.0,1.0,0.0
0,0.0037807623545328775,0.0010111350460235912,0.023790280024210613,0.0015492470865076196,1,{'model__n_neighbors': 1},0.6003062787136294,0.5926493108728943,0.6064318529862175,0.5997958141909137,0.005638264939860805,13,1.0,1.0,1.0,1.0,0.0
1,0.0031898816426595054,0.0001303424193703405,0.04001530011494955,0.001585027434693962,5,{'model__n_neighbors': 5},0.6171516079632465,0.6010719754977029,0.6263399693721287,0.6148545176110259,0.010442711865992261,12,1.0,1.0,1.0,1.0,0.0
2,0.0031833648681640625,2.7010485617111438e-05,0.045889854431152344,0.0008807380454081119,9,{'model__n_neighbors': 9},0.6179173047473201,0.6079632465543645,0.6248085758039816,0.6168963757018887,0.006914863289506915,11,1.0,1.0,1.0,1.0,0.0
3,0.0032775402069091797,0.00013674519722485314,0.04943521817525228,0.0009056427842897332,13,{'model__n_neighbors': 13},0.6209800918836141,0.6263399693721287,0.6370597243491577,0.6281265952016336,0.006684941732367904,10,1.0,1.0,1.0,1.0,0.0
4,0.003189643224080404,3.634734484692361e-05,0.05181455612182617,0.0006745117658409326,17,{'model__n_neighbors': 17},0.622511485451761,0.6324655436447167,0.6454823889739663,0.633486472690148,0.00940557721934062,9,1.0,1.0,1.0,1.0,0.0
5,0.003223260243733724,0.00010189995071232693,0.053905089696248375,0.0006289780760461563,21,{'model__n_neighbors': 21},0.6339969372128637,0.6401225114854517,0.6362940275650842,0.6368044920877999,0.002526670478971848,8,1.0,1.0,1.0,1.0,0.0
6,0.0031888484954833984,5.377946678101676e-05,0.05656305948893229,0.0012561935684198302,25,{'model__n_neighbors': 25},0.6431852986217458,0.6523736600306279,0.6385911179173047,0.6447166921898928,0.0057299500563154065,1,1.0,1.0,1.0,1.0,0.0
7,0.0032765865325927734,0.0001067158648180405,0.05867775281270345,0.0006622499768941554,29,{'model__n_neighbors': 29},0.6416539050535988,0.6470137825421133,0.6447166921898928,0.644461459928535,0.0021955909308429265,2,1.0,1.0,1.0,1.0,0.0
8,0.0032515525817871094,9.101720986219429e-05,0.060634454091389976,0.0017756586166990912,33,{'model__n_neighbors': 33},0.6370597243491577,0.6454823889739663,0.6424196018376723,0.6416539050535989,0.0034809039553307455,4,1.0,1.0,1.0,1.0,0.0
9,0.0032110214233398438,7.132369267153801e-05,0.06183997790018717,0.0007661044596363335,37,{'model__n_neighbors': 37},0.6470137825421133,0.6462480857580398,0.6393568147013783,0.6442062276671772,0.003443271455648787,3,1.0,1.0,1.0,1.0,0.0
10,0.0035633246103922525,0.0003943823026430299,0.06593004862467448,0.0015151550328069798,41,{'model__n_neighbors': 41},0.6416539050535988,0.6447166921898928,0.6378254211332313,0.6413986727922409,0.0028191324699303787,5,1.0,1.0,1.0,1.0,0.0
11,0.003192345301310221,2.113320671488214e-05,0.06534600257873535,0.0016101788624331332,45,{'model__n_neighbors': 45},0.6439509954058193,0.6339969372128637,0.6355283307810107,0.6378254211332312,0.004376321643563663,7,1.0,1.0,1.0,1.0,0.0
12,0.0032885074615478516,0.00010807718700300397,0.06760859489440918,0.001744337108439672,49,{'model__n_neighbors': 49},0.6454823889739663,0.6378254211332313,0.6378254211332313,0.6403777437468096,0.0036095292556740212,6,1.0,1.0,1.0,1.0,0.0
0,0.0030410289764404297,1.4001214370355162e-05,0.02339760462443034,0.0008467081811721305,1,{'model__n_neighbors': 1},0.607197549770291,0.5849923430321593,0.5980091883614089,0.5967330270546197,0.009110039968134103,13,1.0,1.0,1.0,1.0,0.0
1,0.0031502246856689453,0.0001044442106576627,0.04075471560160319,0.001125053417054906,5,{'model__n_neighbors': 5},0.6355283307810107,0.6033690658499234,0.6202143950995406,0.6197039305768248,0.013133925809360472,12,1.0,1.0,1.0,1.0,0.0
2,0.003174940745035807,4.3834595604573156e-05,0.04639569918314616,0.0016222678539483523,9,{'model__n_neighbors': 9},0.6217457886676876,0.6094946401225115,0.6416539050535988,0.6242981112812659,0.013252429796576974,11,1.0,1.0,1.0,1.0,0.0
3,0.0032941500345865884,0.00010599028071346812,0.05106703440348307,0.0034168493017314844,13,{'model__n_neighbors': 13},0.6286370597243491,0.6309341500765697,0.6577335375191424,0.6391015824400205,0.01320811539860706,7,1.0,1.0,1.0,1.0,0.0
4,0.003107786178588867,2.0279131826872152e-05,0.05177187919616699,0.0011629011474091648,17,{'model__n_neighbors': 17},0.6301684532924962,0.6163859111791731,0.6600306278713629,0.6355283307810108,0.018216504216493574,10,1.0,1.0,1.0,1.0,0.0
5,0.003206332524617513,6.220983981947682e-05,0.05586838722229004,0.002026053234910559,21,{'model__n_neighbors': 21},0.6294027565084227,0.6209800918836141,0.6569678407350689,0.6357835630423686,0.015369136515900515,9,1.0,1.0,1.0,1.0,0.0
6,0.003213961919148763,5.338316867165187e-05,0.05795900026957194,0.002002353771051717,25,{'model__n_neighbors': 25},0.6309341500765697,0.6278713629402757,0.6569678407350689,0.6385911179173047,0.013054325525823772,8,1.0,1.0,1.0,1.0,0.0
7,0.0032720565795898438,0.00010265315817854395,0.05927936236063639,0.0004919213506646298,29,{'model__n_neighbors': 29},0.6355283307810107,0.6316998468606432,0.6607963246554365,0.6426748340990301,0.012908798995816043,2,1.0,1.0,1.0,1.0,0.0
8,0.003190914789835612,5.1659437284469846e-05,0.06017947196960449,0.0009396797197845865,33,{'model__n_neighbors': 33},0.6462480857580398,0.6347626339969372,0.6516079632465543,0.6442062276671772,0.007027003521151703,1,1.0,1.0,1.0,1.0,0.0
9,0.0032476584116617837,0.00013956284985859404,0.0620725154876709,0.0009085286086129085,37,{'model__n_neighbors': 37},0.6470137825421133,0.6286370597243491,0.6485451761102603,0.6413986727922409,0.00904545438829471,3,1.0,1.0,1.0,1.0,0.0
10,0.0032869974772135415,9.178884786818889e-05,0.06421097119649251,0.0005380081456345406,41,{'model__n_neighbors': 41},0.6462480857580398,0.6255742725880551,0.6508422664624809,0.6408882082695252,0.010989816305059236,6,1.0,1.0,1.0,1.0,0.0
11,0.0032050609588623047,2.8588366101977525e-05,0.06840928395589192,0.0017844599309161154,45,{'model__n_neighbors': 45},0.6431852986217458,0.6301684532924962,0.6508422664624809,0.6413986727922409,0.008534075292139114,3,1.0,1.0,1.0,1.0,0.0
12,0.0032072861989339194,7.231969099520013e-05,0.0672462781270345,0.0007088865398983631,49,{'model__n_neighbors': 49},0.6401225114854517,0.6370597243491577,0.6462480857580398,0.641143440530883,0.0038199667042102706,5,1.0,1.0,1.0,1.0,0.0
0,0.0030454794565836587,2.3109253650039464e-05,0.023575782775878906,0.0008745601886141614,1,{'model__n_neighbors': 1},0.5849923430321593,0.5895865237366003,0.5926493108728943,0.5890760592138846,0.0031467146518473267,13,1.0,1.0,1.0,1.0,0.0
1,0.0031561056772867837,0.00010885478562708877,0.04285534222920736,0.0021439037207975926,5,{'model__n_neighbors': 5},0.6018376722817764,0.6194486983154671,0.6049004594180705,0.6087289433384381,0.007682448669368268,12,1.0,1.0,1.0,1.0,0.0
2,0.003156900405883789,1.632543546837394e-05,0.04644163449605306,0.0002600930220751636,9,{'model__n_neighbors': 9},0.6110260336906586,0.6316998468606432,0.613323124042879,0.6186830015313936,0.009251949443793678,11,1.0,1.0,1.0,1.0,0.0
3,0.0032183329264322915,0.00012025648679166615,0.05113625526428223,0.0015920909716708002,13,{'model__n_neighbors': 13},0.6217457886676876,0.6477794793261868,0.6294027565084227,0.6329760081674324,0.010924417845345945,8,1.0,1.0,1.0,1.0,0.0
4,0.00317231814066569,4.4582503471181054e-05,0.05232564608256022,0.0007280316650644825,17,{'model__n_neighbors': 17},0.6171516079632465,0.6531393568147014,0.6271056661562021,0.6324655436447166,0.01517290857345774,9,1.0,1.0,1.0,1.0,0.0
5,0.003272851308186849,4.848495814854191e-06,0.05426335334777832,0.00042569119308647434,21,{'model__n_neighbors': 21},0.6171516079632465,0.6569678407350689,0.6309341500765697,0.635017866258295,0.016509404419393785,7,1.0,1.0,1.0,1.0,0.0
6,0.0033966700236002603,0.00032475553131214996,0.0570986270904541,0.0004447663074103812,25,{'model__n_neighbors': 25},0.6110260336906586,0.6493108728943339,0.6294027565084227,0.6299132210311384,0.015633887525383913,10,1.0,1.0,1.0,1.0,0.0
7,0.0031677881876627603,1.8550061833902758e-05,0.058652242024739586,0.00039695427721355515,29,{'model__n_neighbors': 29},0.6125574272588055,0.6615620214395099,0.6385911179173047,0.6375701888718733,0.02001906232886941,4,1.0,1.0,1.0,1.0,0.0
8,0.0032041072845458984,3.064459455096644e-05,0.06131251653035482,0.0015322909429664189,33,{'model__n_neighbors': 33},0.6079632465543645,0.666156202143951,0.6309341500765697,0.6350178662582951,0.023932022807005685,6,1.0,1.0,1.0,1.0,0.0
9,0.003191788991292318,3.952542549079936e-05,0.06198596954345703,0.00016766607527348101,37,{'model__n_neighbors': 37},0.6186830015313936,0.6584992343032159,0.6385911179173047,0.6385911179173047,0.016254908961807705,1,1.0,1.0,1.0,1.0,0.0
10,0.0031886895497639975,4.659699185466192e-05,0.06443929672241211,0.0001880943791861341,41,{'model__n_neighbors': 41},0.6163859111791731,0.6592649310872895,0.6370597243491577,0.6375701888718734,0.017509007540727404,3,1.0,1.0,1.0,1.0,0.0
11,0.0031546751658121743,1.0943617665301245e-05,0.06569997469584148,0.00027213997537524766,45,{'model__n_neighbors': 45},0.6194486983154671,0.663093415007657,0.6309341500765697,0.6378254211332313,0.018472186955305975,2,1.0,1.0,1.0,1.0,0.0
12,0.0032352606455485025,6.494163037079586e-05,0.06817412376403809,0.00048307357954781505,49,{'model__n_neighbors': 49},0.6179173047473201,0.6600306278713629,0.6316998468606432,0.6365492598264421,0.017531316754542493,5,1.0,1.0,1.0,1.0,0.0
0,0.0031720797220865884,3.360057621041122e-05,0.023645559946695965,0.0013914042139611547,1,{'model__n_neighbors': 1},0.5987748851454824,0.6041347626339969,0.6347626339969372,0.6125574272588056,0.015853190559744303,13,1.0,1.0,1.0,1.0,0.0
1,0.0033044815063476562,0.00016869222281105738,0.04075050354003906,0.0011912289985967588,5,{'model__n_neighbors': 5},0.6271056661562021,0.6163859111791731,0.6362940275650842,0.6265952016334865,0.008135465773613688,12,1.0,1.0,1.0,1.0,0.0
2,0.0032796859741210938,0.00014344175310495035,0.04556536674499512,0.0008207520253048658,9,{'model__n_neighbors': 9},0.6316998468606432,0.6362940275650842,0.6500765696784073,0.6393568147013783,0.007808605686972094,11,1.0,1.0,1.0,1.0,0.0
3,0.003132422765096029,1.2610417210815227e-05,0.048891305923461914,0.0008456623987371727,13,{'model__n_neighbors': 13},0.6393568147013783,0.6485451761102603,0.6577335375191424,0.6485451761102604,0.0075022656746804766,9,1.0,1.0,1.0,1.0,0.0
4,0.0032200018564860025,2.5727366773265126e-05,0.05207331975301107,0.0005950791881782101,17,{'model__n_neighbors': 17},0.6401225114854517,0.6385911179173047,0.6470137825421133,0.6419091373149565,0.0036632721016863945,10,1.0,1.0,1.0,1.0,0.0
5,0.003264824549357096,4.275359176442373e-05,0.05439352989196777,0.0007229090362058895,21,{'model__n_neighbors': 21},0.6523736600306279,0.6607963246554365,0.6523736600306279,0.6551812149055641,0.003970482181241455,7,1.0,1.0,1.0,1.0,0.0
6,0.0032662550608317056,2.2740627982839777e-05,0.0576943556467692,0.002202925376139764,25,{'model__n_neighbors': 25},0.6500765696784073,0.6584992343032159,0.6584992343032159,0.6556916794282798,0.003970482181241455,4,1.0,1.0,1.0,1.0,0.0
7,0.0032357374827067056,6.651731183343069e-05,0.0585936705271403,0.0006718219380649361,29,{'model__n_neighbors': 29},0.6500765696784073,0.6615620214395099,0.6592649310872895,0.6569678407350689,0.004962282311185199,2,1.0,1.0,1.0,1.0,0.0
8,0.003330389658610026,0.00014281907507103137,0.06250206629435222,0.0025462616492341232,33,{'model__n_neighbors': 33},0.6569678407350689,0.6623277182235835,0.6508422664624809,0.656712608473711,0.004692388032376272,3,1.0,1.0,1.0,1.0,0.0
9,0.0032927989959716797,4.448152114875351e-05,0.06186056137084961,0.0009192761479040868,37,{'model__n_neighbors': 37},0.663093415007657,0.6653905053598775,0.6531393568147014,0.6605410923940785,0.00531716862072479,1,1.0,1.0,1.0,1.0,0.0
10,0.0032021204630533853,2.313547630510827e-05,0.06659809748331706,0.002222611603459923,41,{'model__n_neighbors': 41},0.655436447166922,0.6684532924961715,0.6431852986217458,0.6556916794282798,0.010317193941504698,4,1.0,1.0,1.0,1.0,0.0
11,0.0032520294189453125,8.844354563815476e-05,0.06519516309102376,0.0015339824987234709,45,{'model__n_neighbors': 45},0.6546707503828484,0.664624808575804,0.6470137825421133,0.655436447166922,0.0072100290412585805,6,1.0,1.0,1.0,1.0,0.0
12,0.003195047378540039,4.588096972456027e-05,0.0668183167775472,0.0012737242141137011,49,{'model__n_neighbors': 49},0.6508422664624809,0.6592649310872895,0.6493108728943339,0.6531393568147014,0.004376321643563612,8,1.0,1.0,1.0,1.0,0.0
0,0.003208001454671224,2.7671851754779907e-05,0.023381630579630535,0.0009919623688267253,1,{'model__n_neighbors': 1},0.5857580398162328,0.6003062787136294,0.5934150076569679,0.5931597753956099,0.005942035082604814,13,1.0,1.0,1.0,1.0,0.0
1,0.003133694330851237,1.3174768971757787e-05,0.040775696436564125,0.0009488981239703687,5,{'model__n_neighbors': 5},0.6278713629402757,0.6248085758039816,0.607197549770291,0.6199591628381828,0.009110039968134143,12,1.0,1.0,1.0,1.0,0.0
2,0.0031577746073404946,4.7825496547260764e-05,0.04608726501464844,0.0015578783835591735,9,{'model__n_neighbors': 9},0.6416539050535988,0.6416539050535988,0.6163859111791731,0.6332312404287902,0.011911446543724365,11,1.0,1.0,1.0,1.0,0.0
3,0.0031946500142415366,3.198740644949825e-05,0.05000837643941244,0.0010513276484083226,13,{'model__n_neighbors': 13},0.6462480857580398,0.6393568147013783,0.6171516079632465,0.6342521694742215,0.012414891788683336,10,1.0,1.0,1.0,1.0,0.0
4,0.003148794174194336,9.066178007999202e-06,0.051700194676717125,0.0012690419393179815,17,{'model__n_neighbors': 17},0.6523736600306279,0.6370597243491577,0.6163859111791731,0.635273098519653,0.014746152961362217,9,1.0,1.0,1.0,1.0,0.0
5,0.003195683161417643,5.917948512035558e-05,0.054748217264811196,0.0012249109971260604,21,{'model__n_neighbors': 21},0.6531393568147014,0.6362940275650842,0.6255742725880551,0.6383358856559469,0.011345641026489477,8,1.0,1.0,1.0,1.0,0.0
6,0.0032913684844970703,3.9181973617885854e-05,0.056676387786865234,0.0008734981930376667,25,{'model__n_neighbors': 25},0.6493108728943339,0.6462480857580398,0.6232771822358346,0.6396120469627361,0.011617975167678455,7,1.0,1.0,1.0,1.0,0.0
7,0.003167390823364258,7.500831895200062e-05,0.060132344563802086,0.0016979186003188238,29,{'model__n_neighbors': 29},0.6546707503828484,0.6370597243491577,0.6324655436447167,0.6413986727922408,0.009570358988898749,6,1.0,1.0,1.0,1.0,0.0
8,0.003173987070719401,3.95326155777396e-05,0.05968324343363444,0.0009298111500159635,33,{'model__n_neighbors': 33},0.6592649310872895,0.6385911179173047,0.6309341500765697,0.642930066360388,0.011966011403502848,4,1.0,1.0,1.0,1.0,0.0
9,0.003252903620402018,8.056180682764661e-05,0.06306036313374837,0.0010712757307105043,37,{'model__n_neighbors': 37},0.663093415007657,0.6339969372128637,0.6324655436447167,0.6431852986217458,0.01409104006313655,3,1.0,1.0,1.0,1.0,0.0
10,0.0031806627909342446,2.6572235234305022e-05,0.06359028816223145,0.0008453434133466306,41,{'model__n_neighbors': 41},0.6562021439509954,0.6332312404287902,0.6362940275650842,0.6419091373149567,0.010183735244134764,5,1.0,1.0,1.0,1.0,0.0
11,0.0032714207967122397,0.00013821840615032774,0.0663910706837972,0.0015573220087575091,45,{'model__n_neighbors': 45},0.6569678407350689,0.6339969372128637,0.6416539050535988,0.6442062276671771,0.009549916760525627,2,1.0,1.0,1.0,1.0,0.0
12,0.003189563751220703,2.63111582888229e-05,0.0672612984975179,0.0009646289671353508,49,{'model__n_neighbors': 49},0.6584992343032159,0.6393568147013783,0.6393568147013783,0.6457376212353241,0.009023823139185106,1,1.0,1.0,1.0,1.0,0.0
0,0.003033717473347982,3.0804525166290316e-05,0.022673368453979492,0.0007438407744926423,1,{'model__n_neighbors': 1},0.5926493108728943,0.6056661562021439,0.5872894333843798,0.5952016334864726,0.0077162922194134575,13,1.0,1.0,1.0,1.0,0.0
1,0.0031203428904215493,8.34433994018928e-05,0.04229076703389486,0.00111973329601006,5,{'model__n_neighbors': 5},0.6370597243491577,0.6202143950995406,0.614854517611026,0.6240428790199081,0.009460823375625625,12,1.0,1.0,1.0,1.0,0.0
2,0.0030902226765950522,6.676666253283253e-06,0.045993804931640625,0.0014406544522967012,9,{'model__n_neighbors': 9},0.6393568147013783,0.6370597243491577,0.6209800918836141,0.6324655436447167,0.008175404480881533,11,1.0,1.0,1.0,1.0,0.0
3,0.0034828980763753257,0.00018696864763374094,0.049695730209350586,0.00045409232869328924,13,{'model__n_neighbors': 13},0.6539050535987749,0.6431852986217458,0.6347626339969372,0.6439509954058192,0.007833593289036673,10,1.0,1.0,1.0,1.0,0.0
4,0.0032002131144205728,6.0975626054339024e-05,0.05192923545837402,0.0007412231552373322,17,{'model__n_neighbors': 17},0.6577335375191424,0.6431852986217458,0.6447166921898928,0.6485451761102604,0.006527162762911911,9,1.0,1.0,1.0,1.0,0.0
5,0.0031813780466715493,2.4170465351533238e-05,0.0540922482808431,0.0008054336300622871,21,{'model__n_neighbors': 21},0.6638591117917305,0.6539050535987749,0.6454823889739663,0.6544155181214906,0.007510943833365101,2,1.0,1.0,1.0,1.0,0.0
6,0.0032692750295003257,2.9152352211314128e-05,0.05868172645568848,0.0006451402631821399,25,{'model__n_neighbors': 25},0.6607963246554365,0.6607963246554365,0.6500765696784073,0.6572230729964268,0.0050533409579437034,1,1.0,1.0,1.0,1.0,0.0
7,0.003255049387613932,4.6811605707933235e-05,0.05851626396179199,0.0005284371261220669,29,{'model__n_neighbors': 29},0.655436447166922,0.6546707503828484,0.6500765696784073,0.6533945890760592,0.002366926619575246,3,1.0,1.0,1.0,1.0,0.0
8,0.0032653013865152993,7.311079800833462e-05,0.06029733022054037,0.0018025974718088263,33,{'model__n_neighbors': 33},0.6584992343032159,0.6439509954058193,0.6493108728943339,0.6505870342011231,0.006007453954027435,6,1.0,1.0,1.0,1.0,0.0
9,0.003229379653930664,4.128750828532142e-05,0.06152900060017904,7.826361976693586e-06,37,{'model__n_neighbors': 37},0.663093415007657,0.6470137825421133,0.6493108728943339,0.6531393568147014,0.007100779858725653,5,1.0,1.0,1.0,1.0,0.0
10,0.0032892227172851562,1.3989029392044147e-05,0.06414675712585449,0.0019277863267405067,41,{'model__n_neighbors': 41},0.6607963246554365,0.6470137825421133,0.6431852986217458,0.6503318019397653,0.007562803670254769,8,1.0,1.0,1.0,1.0,0.0
11,0.0032721360524495444,2.9229594888550927e-05,0.06518491109212239,0.0006748791353996676,45,{'model__n_neighbors': 45},0.6584992343032159,0.6447166921898928,0.6485451761102603,0.650587034201123,0.00580898758383921,7,1.0,1.0,1.0,1.0,0.0
12,0.0036935011545817056,0.0007331751431928721,0.06708383560180664,0.0006887736554267333,49,{'model__n_neighbors': 49},0.6592649310872895,0.6500765696784073,0.6508422664624809,0.6533945890760592,0.004162712207835663,3,1.0,1.0,1.0,1.0,0.0
0,0.003008683522542318,5.845756915346669e-05,0.022271394729614258,0.0014164950149399439,1,{'model__n_neighbors': 1},0.5980091883614089,0.6018376722817764,0.6217457886676876,0.607197549770291,0.010405215472506113,13,1.0,1.0,1.0,1.0,0.0
1,0.003114620844523112,8.454873982121661e-05,0.039953390757242836,0.001393093519951484,5,{'model__n_neighbors': 5},0.6217457886676876,0.6156202143950995,0.6431852986217458,0.6268504338948443,0.011818108119234541,12,1.0,1.0,1.0,1.0,0.0
2,0.0031357606252034507,7.246521694049015e-05,0.04701495170593262,0.0021229486819616533,9,{'model__n_neighbors': 9},0.6401225114854517,0.6370597243491577,0.6539050535987749,0.6436957631444614,0.007326544203372841,9,1.0,1.0,1.0,1.0,0.0
3,0.003290255864461263,0.00012983000239651403,0.04828198750813802,0.0017384599794436227,13,{'model__n_neighbors': 13},0.6416539050535988,0.6286370597243491,0.6416539050535988,0.6373149566105155,0.0061361997346459,11,1.0,1.0,1.0,1.0,0.0
4,0.003312985102335612,0.00012625598871893038,0.052216291427612305,0.0015311795172879377,17,{'model__n_neighbors': 17},0.6408882082695253,0.6278713629402757,0.6669218989280244,0.6452271567126084,0.01623485849289353,8,1.0,1.0,1.0,1.0,0.0
5,0.003200689951578776,8.966003911444634e-06,0.054258505503336586,0.0010446039227794677,21,{'model__n_neighbors': 21},0.6485451761102603,0.6278713629402757,0.664624808575804,0.6470137825421133,0.015043554903819662,3,1.0,1.0,1.0,1.0,0.0
6,0.0031971136728922525,1.8726949314543187e-05,0.056111812591552734,0.001697485265215274,25,{'model__n_neighbors': 25},0.6339969372128637,0.6332312404287902,0.6623277182235835,0.6431852986217458,0.013539343756891139,10,1.0,1.0,1.0,1.0,0.0
7,0.0033646424611409507,0.00019056057251785695,0.057476441065470375,0.0007887604974910468,29,{'model__n_neighbors': 29},0.6362940275650842,0.6385911179173047,0.666156202143951,0.6470137825421133,0.013568181582442076,3,1.0,1.0,1.0,1.0,0.0
8,0.003352642059326172,0.00016437273801084217,0.0597987174987793,0.0016384942593514822,33,{'model__n_neighbors': 33},0.6431852986217458,0.6408882082695253,0.6569678407350689,0.6470137825421133,0.007100779858725622,3,1.0,1.0,1.0,1.0,0.0
9,0.0032389958699544272,5.3728473040820095e-05,0.06130695343017578,0.0012363893287187743,37,{'model__n_neighbors': 37},0.6408882082695253,0.6370597243491577,0.6615620214395099,0.6465033180193976,0.010762209618329759,6,1.0,1.0,1.0,1.0,0.0
10,0.0031906763712565103,1.7479332379739624e-05,0.06369455655415852,0.0018790426178752124,41,{'model__n_neighbors': 41},0.6362940275650842,0.6385911179173047,0.6684532924961715,0.6477794793261868,0.014648642013559698,2,1.0,1.0,1.0,1.0,0.0
11,0.003275712331136068,7.590386220947087e-05,0.06648874282836914,0.002293738038325664,45,{'model__n_neighbors': 45},0.6431852986217458,0.6416539050535988,0.663093415007657,0.6493108728943339,0.009765761342373142,1,1.0,1.0,1.0,1.0,0.0
12,0.003348668416341146,7.259740247553407e-05,0.0682520866394043,0.0015808004396554581,49,{'model__n_neighbors': 49},0.6370597243491577,0.6347626339969372,0.6669218989280244,0.6462480857580397,0.014648642013559698,7,1.0,1.0,1.0,1.0,0.0
0,0.003056685129801432,6.951590571438321e-05,0.023044904073079426,0.0007991974356739586,1,{'model__n_neighbors': 1},0.6140888208269525,0.6033690658499234,0.5987748851454824,0.6054109239407861,0.00641643955588387,13,1.0,1.0,1.0,1.0,0.0
1,0.003199418385823568,6.227985357446623e-05,0.04178317387898763,0.0013184931178272896,5,{'model__n_neighbors': 5},0.6163859111791731,0.6401225114854517,0.622511485451761,0.6263399693721287,0.0100614616357463,12,1.0,1.0,1.0,1.0,0.0
2,0.0032009283701578775,6.206285914380965e-05,0.046550353368123375,0.0015413951286650323,9,{'model__n_neighbors': 9},0.6385911179173047,0.6393568147013783,0.6324655436447167,0.6368044920877999,0.0030839831479312118,11,1.0,1.0,1.0,1.0,0.0
3,0.0032432874043782554,0.0001629446754329613,0.05125164985656738,0.0006682478798639729,13,{'model__n_neighbors': 13},0.6370597243491577,0.6462480857580398,0.6385911179173047,0.6406329760081674,0.004019401671266897,10,1.0,1.0,1.0,1.0,0.0
4,0.003154754638671875,2.580727399369799e-05,0.05262041091918945,0.0010034932539822257,17,{'model__n_neighbors': 17},0.6462480857580398,0.6508422664624809,0.6531393568147014,0.6500765696784073,0.0028649750281576833,9,1.0,1.0,1.0,1.0,0.0
5,0.003202199935913086,0.00011346837562768574,0.05613334973653158,0.002832549668846304,21,{'model__n_neighbors': 21},0.6546707503828484,0.6539050535987749,0.6592649310872895,0.6559469116896376,0.0023669266195752137,3,1.0,1.0,1.0,1.0,0.0
6,0.003148237864176432,1.8099234982711495e-05,0.056398471196492515,0.0010378980525588386,25,{'model__n_neighbors': 25},0.667687595712098,0.6592649310872895,0.6584992343032159,0.6618172537008679,0.0041627122078356634,1,1.0,1.0,1.0,1.0,0.0
7,0.0031676292419433594,2.2957617029591985e-05,0.05910507837931315,0.0014396941296682386,29,{'model__n_neighbors': 29},0.6615620214395099,0.6485451761102603,0.6615620214395099,0.6572230729964267,0.0061361997346459,2,1.0,1.0,1.0,1.0,0.0
8,0.0031816959381103516,1.0287975793071469e-05,0.06020895640055338,0.0007026518003604759,33,{'model__n_neighbors': 33},0.6577335375191424,0.6447166921898928,0.663093415007657,0.6551812149055641,0.0077162922194134575,4,1.0,1.0,1.0,1.0,0.0
9,0.00320585568745931,1.9093674995440416e-05,0.06222383181254069,0.0011040035629106871,37,{'model__n_neighbors': 37},0.6539050535987749,0.6485451761102603,0.663093415007657,0.6551812149055641,0.0060074539540274745,4,1.0,1.0,1.0,1.0,0.0
10,0.003187894821166992,1.3023853572604812e-05,0.06516639391581218,0.002303480451814497,41,{'model__n_neighbors': 41},0.6516079632465543,0.6539050535987749,0.6600306278713629,0.6551812149055641,0.003554974037055657,4,1.0,1.0,1.0,1.0,0.0
11,0.0032593409220377603,8.50354399620633e-05,0.06940476099650066,0.003976427118558437,45,{'model__n_neighbors': 45},0.6523736600306279,0.6516079632465543,0.6508422664624809,0.6516079632465543,0.0006251888062233768,7,1.0,1.0,1.0,1.0,0.0
12,0.0032770633697509766,6.208412475112837e-05,0.06834212938944499,0.0023858306800176835,49,{'model__n_neighbors': 49},0.6508422664624809,0.6454823889739663,0.6546707503828484,0.6503318019397651,0.003768459178211711,8,1.0,1.0,1.0,1.0,0.0
0,0.003011465072631836,4.73983490833745e-05,0.022710164388020832,0.000886101273426305,1,{'model__n_neighbors': 1},0.6125574272588055,0.599540581929556,0.6003062787136294,0.6041347626339969,0.00596392110543535,13,1.0,1.0,1.0,1.0,0.0
1,0.003652493158976237,0.000664620069815353,0.041617631912231445,0.002072674124280738,5,{'model__n_neighbors': 5},0.6156202143950995,0.6179173047473201,0.6194486983154671,0.6176620724859623,0.0015733573259237115,12,1.0,1.0,1.0,1.0,0.0
2,0.0031883716583251953,5.093348554703041e-05,0.04558277130126953,0.0011667976778581505,9,{'model__n_neighbors': 9},0.6294027565084227,0.6202143950995406,0.6255742725880551,0.6250638080653395,0.0037684591782117063,11,1.0,1.0,1.0,1.0,0.0
3,0.0031830469767252603,7.211819378759077e-05,0.04930671056111654,0.001630712161991484,13,{'model__n_neighbors': 13},0.6209800918836141,0.6347626339969372,0.6408882082695253,0.6322103113833589,0.0083254244156713,10,1.0,1.0,1.0,1.0,0.0
4,0.003375530242919922,0.00011748513464857575,0.05114515622456869,0.0014565562195938018,17,{'model__n_neighbors': 17},0.6347626339969372,0.6393568147013783,0.6531393568147014,0.6424196018376723,0.007808605686972094,9,1.0,1.0,1.0,1.0,0.0
5,0.0031946500142415366,6.555263323522939e-05,0.053467750549316406,0.00024177509188251782,21,{'model__n_neighbors': 21},0.6462480857580398,0.6355283307810107,0.6500765696784073,0.6439509954058193,0.006157395651768679,8,1.0,1.0,1.0,1.0,0.0
6,0.003138303756713867,6.230469460335356e-05,0.05582777659098307,0.00015269964979846648,25,{'model__n_neighbors': 25},0.6454823889739663,0.6393568147013783,0.6477794793261868,0.6442062276671771,0.003554974037055657,7,1.0,1.0,1.0,1.0,0.0
7,0.003169377644856771,2.2033053100788334e-05,0.05802337328592936,0.0002896325759927938,29,{'model__n_neighbors': 29},0.6477794793261868,0.6439509954058193,0.6462480857580398,0.645992853496682,0.0015733573259236633,4,1.0,1.0,1.0,1.0,0.0
8,0.0032547314961751304,3.350174606600715e-05,0.05944673220316569,0.0003449650912905658,33,{'model__n_neighbors': 33},0.6477794793261868,0.6447166921898928,0.6454823889739663,0.645992853496682,0.0013014342811620313,4,1.0,1.0,1.0,1.0,0.0
9,0.0033963521321614585,0.00016443443613117914,0.062421719233194985,0.00155836511847708,37,{'model__n_neighbors': 37},0.6470137825421133,0.6454823889739663,0.6493108728943339,0.6472690148034711,0.0015733573259237115,2,1.0,1.0,1.0,1.0,0.0
10,0.0033379395802815757,9.476257945749703e-05,0.06342466672261556,0.0005800603768295012,41,{'model__n_neighbors': 41},0.6416539050535988,0.6493108728943339,0.6562021439509954,0.649055640632976,0.005942035082604814,1,1.0,1.0,1.0,1.0,0.0
11,0.0031302769978841147,4.439169270623476e-05,0.06484270095825195,0.00045083396184731516,45,{'model__n_neighbors': 45},0.6370597243491577,0.6447166921898928,0.6523736600306279,0.6447166921898928,0.006251888062233768,6,1.0,1.0,1.0,1.0,0.0
12,0.0032140413920084634,4.5364456049808175e-05,0.06725406646728516,0.0005618988253347821,49,{'model__n_neighbors': 49},0.6362940275650842,0.6470137825421133,0.6577335375191424,0.6470137825421133,0.008752643287127231,3,1.0,1.0,1.0,1.0,0.0
0,0.003135045369466146,0.00013877030914377886,0.02300397555033366,0.0004244766035439779,1,{'model__n_neighbors': 1},0.6056661562021439,0.5926493108728943,0.6064318529862175,0.6015824400204185,0.0063244061732332345,13,1.0,1.0,1.0,1.0,0.0
1,0.003166357676188151,5.0514114947408076e-05,0.040761311848958336,0.0005222729113785192,5,{'model__n_neighbors': 5},0.6332312404287902,0.6209800918836141,0.6324655436447167,0.6288922919857071,0.005603496273634533,12,1.0,1.0,1.0,1.0,0.0
2,0.003642479578653971,0.0007047801155294607,0.04762625694274902,0.0014349468532452695,9,{'model__n_neighbors': 9},0.6355283307810107,0.6401225114854517,0.6454823889739663,0.6403777437468096,0.004067732886806844,11,1.0,1.0,1.0,1.0,0.0
3,0.003141641616821289,5.8782953662804075e-05,0.049530982971191406,0.0010034688961037186,13,{'model__n_neighbors': 13},0.6577335375191424,0.6370597243491577,0.6523736600306279,0.649055640632976,0.008760082849275428,5,1.0,1.0,1.0,1.0,0.0
4,0.0031212170918782554,6.439754034640915e-06,0.05137467384338379,0.00016830437923348325,17,{'model__n_neighbors': 17},0.6539050535987749,0.6584992343032159,0.6531393568147014,0.6551812149055641,0.0023669266195751938,1,1.0,1.0,1.0,1.0,0.0
5,0.0031474431355794272,7.09543554232924e-05,0.0538489023844401,0.000969416887844609,21,{'model__n_neighbors': 21},0.6516079632465543,0.6516079632465543,0.6523736600306279,0.6518631955079122,0.0003609529255674335,2,1.0,1.0,1.0,1.0,0.0
6,0.0031158129374186196,6.266141429839327e-05,0.05535769462585449,0.0004870282163198224,25,{'model__n_neighbors': 25},0.6607963246554365,0.6424196018376723,0.6485451761102603,0.650587034201123,0.007639933408420502,3,1.0,1.0,1.0,1.0,0.0
7,0.0032166639963785806,6.548322515770563e-05,0.05974133809407552,0.0013456781716895613,29,{'model__n_neighbors': 29},0.6584992343032159,0.6447166921898928,0.6462480857580398,0.6498213374170495,0.006167966295862445,4,1.0,1.0,1.0,1.0,0.0
8,0.0032599767049153647,6.029597014204529e-05,0.0593264102935791,0.0006123131594783662,33,{'model__n_neighbors': 33},0.6500765696784073,0.6431852986217458,0.6516079632465543,0.6482899438489025,0.0036632721016863945,8,1.0,1.0,1.0,1.0,0.0
9,0.003250598907470703,9.329267514362399e-05,0.06135702133178711,0.0008212571742213618,37,{'model__n_neighbors': 37},0.6462480857580398,0.6431852986217458,0.655436447166922,0.6482899438489026,0.005205737124648096,7,1.0,1.0,1.0,1.0,0.0
10,0.003244320551554362,5.0111151488126e-05,0.06285635630289714,0.0009639374574311934,41,{'model__n_neighbors': 41},0.6485451761102603,0.6416539050535988,0.6569678407350689,0.649055640632976,0.006262299206934798,5,1.0,1.0,1.0,1.0,0.0
11,0.003232081731160482,4.9568643962922744e-05,0.0654737154642741,0.0010426510937978277,45,{'model__n_neighbors': 45},0.6447166921898928,0.6393568147013783,0.655436447166922,0.6465033180193976,0.006684941732367954,10,1.0,1.0,1.0,1.0,0.0
12,0.0032432874043782554,8.076546424949586e-05,0.06628330548604329,0.0003937409668265523,49,{'model__n_neighbors': 49},0.6454823889739663,0.6362940275650842,0.6592649310872895,0.6470137825421133,0.009440143955542083,9,1.0,1.0,1.0,1.0,0.0
0,0.0031153361002604165,2.910812150925388e-05,0.023207426071166992,0.0008639528096795793,1,{'model__n_neighbors': 1},0.5918836140888208,0.599540581929556,0.5918836140888208,0.5944359367023991,0.0036095292556740737,13,1.0,1.0,1.0,1.0,0.0
1,0.0032585461934407554,0.0001850120322111408,0.0399161179860433,0.001955425315352768,5,{'model__n_neighbors': 5},0.6056661562021439,0.5957120980091883,0.611791730474732,0.6043899948953547,0.006626214898288508,12,1.0,1.0,1.0,1.0,0.0
2,0.003212610880533854,2.3788817003720227e-06,0.04519383112589518,0.00105987554446869,9,{'model__n_neighbors': 9},0.622511485451761,0.6171516079632465,0.6278713629402757,0.622511485451761,0.004376321643563638,11,1.0,1.0,1.0,1.0,0.0
3,0.003193378448486328,2.52145730114918e-05,0.04864732424418131,0.0012305799732060874,13,{'model__n_neighbors': 13},0.6378254211332313,0.6217457886676876,0.6408882082695253,0.633486472690148,0.008395550895047758,10,1.0,1.0,1.0,1.0,0.0
4,0.003064393997192383,5.260250890695626e-05,0.050368706385294594,0.0008643244545439085,17,{'model__n_neighbors': 17},0.6408882082695253,0.6370597243491577,0.6294027565084227,0.6357835630423686,0.004774958380262808,9,1.0,1.0,1.0,1.0,0.0
5,0.0031949679056803384,9.151140191744081e-05,0.05327836672465006,0.001336402985447865,21,{'model__n_neighbors': 21},0.6408882082695253,0.6431852986217458,0.6362940275650842,0.6401225114854517,0.0028649750281576833,5,1.0,1.0,1.0,1.0,0.0
6,0.003198862075805664,4.3303447864955376e-05,0.05555041631062826,0.001561735023414537,25,{'model__n_neighbors': 25},0.6408882082695253,0.6439509954058193,0.6301684532924962,0.6383358856559469,0.005909054059617296,8,1.0,1.0,1.0,1.0,0.0
7,0.003176132837931315,2.0816125144716786e-05,0.05759390195210775,0.0008966340130287328,29,{'model__n_neighbors': 29},0.6439509954058193,0.6431852986217458,0.6316998468606432,0.6396120469627361,0.0056034962736345615,6,1.0,1.0,1.0,1.0,0.0
8,0.0032100677490234375,4.7457076931452355e-05,0.060246944427490234,0.002819314587656587,33,{'model__n_neighbors': 33},0.6500765696784073,0.6385911179173047,0.6301684532924962,0.6396120469627361,0.008159452456940159,6,1.0,1.0,1.0,1.0,0.0
9,0.003208637237548828,2.1516753909802343e-05,0.059630393981933594,0.001081336314638308,37,{'model__n_neighbors': 37},0.6577335375191424,0.6339969372128637,0.6370597243491577,0.642930066360388,0.010542050244034424,2,1.0,1.0,1.0,1.0,0.0
10,0.003237009048461914,7.486596477790135e-05,0.06555533409118652,0.0026406991763301174,41,{'model__n_neighbors': 41},0.6623277182235835,0.6324655436447167,0.6393568147013783,0.6447166921898928,0.012766716692598056,1,1.0,1.0,1.0,1.0,0.0
11,0.003200372060139974,5.355680673441267e-05,0.06483705838521321,0.0007111561786294688,45,{'model__n_neighbors': 45},0.6562021439509954,0.6324655436447167,0.6385911179173047,0.6424196018376723,0.0100614616357463,3,1.0,1.0,1.0,1.0,0.0
12,0.003704229990641276,0.0007246394354849222,0.06720471382141113,0.0014657254600563545,49,{'model__n_neighbors': 49},0.6562021439509954,0.6301684532924962,0.6355283307810107,0.6406329760081674,0.011224417267634531,4,1.0,1.0,1.0,1.0,0.0
0,0.0030949910481770835,4.67273382672247e-05,0.022097110748291016,0.0011523227631913115,1,{'model__n_neighbors': 1},0.6156202143950995,0.5872894333843798,0.6064318529862175,0.6031138335885656,0.0118015600017324,13,1.0,1.0,1.0,1.0,0.0
1,0.0032105445861816406,2.843285253080337e-05,0.04061086972554525,0.001673369976944509,5,{'model__n_neighbors': 5},0.6286370597243491,0.6125574272588055,0.6194486983154671,0.6202143950995406,0.006586772792528818,12,1.0,1.0,1.0,1.0,0.0
2,0.003129720687866211,4.52229203366407e-05,0.04650266965230306,0.0025124125071727546,9,{'model__n_neighbors': 9},0.6500765696784073,0.6362940275650842,0.6393568147013783,0.6419091373149567,0.005909054059617245,11,1.0,1.0,1.0,1.0,0.0
3,0.0031148592631022134,6.542011566417219e-05,0.048749446868896484,0.0015876221514615177,13,{'model__n_neighbors': 13},0.6653905053598775,0.6355283307810107,0.6584992343032159,0.6531393568147014,0.01276671669259809,4,1.0,1.0,1.0,1.0,0.0
4,0.0033516883850097656,0.00023744790847498548,0.0537567138671875,0.004418245958939639,17,{'model__n_neighbors': 17},0.6523736600306279,0.6286370597243491,0.6539050535987749,0.6449719244512507,0.011567400912327403,10,1.0,1.0,1.0,1.0,0.0
5,0.003115574518839518,4.717730121106451e-05,0.05325396855672201,0.0011344286429796947,21,{'model__n_neighbors': 21},0.664624808575804,0.6355283307810107,0.6531393568147014,0.6510974987238387,0.011966011403502865,9,1.0,1.0,1.0,1.0,0.0
6,0.0031928221384684243,8.810361369774913e-05,0.05522529284159342,0.001193417454342143,25,{'model__n_neighbors': 25},0.6715160796324655,0.6385911179173047,0.6485451761102603,0.6528841245533435,0.013787267826513022,6,1.0,1.0,1.0,1.0,0.0
7,0.0031774044036865234,6.648958014046513e-05,0.05778829256693522,0.0016137495140182948,29,{'model__n_neighbors': 29},0.6738131699846861,0.6424196018376723,0.6454823889739663,0.6539050535987748,0.014132586217363087,3,1.0,1.0,1.0,1.0,0.0
8,0.0032656987508138022,4.551457231724331e-05,0.05923732121785482,0.0008247873413111811,33,{'model__n_neighbors': 33},0.664624808575804,0.6439509954058193,0.6607963246554365,0.6564573762123532,0.008980404331678985,2,1.0,1.0,1.0,1.0,0.0
9,0.0033652782440185547,0.00016706696027602726,0.06211670239766439,0.002409810252551124,37,{'model__n_neighbors': 37},0.667687595712098,0.6462480857580398,0.6584992343032159,0.6574783052577846,0.008782363723371744,1,1.0,1.0,1.0,1.0,0.0
10,0.003107786178588867,3.5501692615907896e-05,0.06304581960042317,0.0005050152129595554,41,{'model__n_neighbors': 41},0.6584992343032159,0.6431852986217458,0.6546707503828484,0.6521184277692701,0.006507171405810077,8,1.0,1.0,1.0,1.0,0.0
11,0.0032455921173095703,0.0001076223332284175,0.06521018346150716,0.0011009567523831297,45,{'model__n_neighbors': 45},0.6615620214395099,0.6378254211332313,0.6577335375191424,0.6523736600306279,0.010405215472506113,7,1.0,1.0,1.0,1.0,0.0
12,0.003248294194539388,6.9190515771423e-05,0.06707096099853516,0.001909948970565045,49,{'model__n_neighbors': 49},0.6584992343032159,0.6439509954058193,0.6569678407350689,0.6531393568147014,0.006527162762911859,4,1.0,1.0,1.0,1.0,0.0
0,0.003912051518758138,0.0012009679132419183,0.02469293276468913,0.0015925875713150247,1,{'model__n_neighbors': 1},0.5987748851454824,0.6026033690658499,0.622511485451761,0.6079632465543644,0.010405215472506113,13,1.0,1.0,1.0,1.0,0.0
1,0.0031042893727620444,6.957148735118495e-05,0.04057025909423828,0.0014827962123692537,5,{'model__n_neighbors': 5},0.6056661562021439,0.6202143950995406,0.6271056661562021,0.6176620724859622,0.008936774578872689,12,1.0,1.0,1.0,1.0,0.0
2,0.003168344497680664,8.145499022088093e-05,0.04596861203511556,0.0006925663806340159,9,{'model__n_neighbors': 9},0.6179173047473201,0.6309341500765697,0.6286370597243491,0.625829504849413,0.005672820513244727,11,1.0,1.0,1.0,1.0,0.0
3,0.003154913584391276,6.670988010226349e-06,0.04981724421183268,6.184632884336835e-05,13,{'model__n_neighbors': 13},0.6339969372128637,0.6301684532924962,0.6462480857580398,0.6368044920877999,0.006858105585780722,10,1.0,1.0,1.0,1.0,0.0
4,0.0031073888142903647,4.2963589523357914e-05,0.05192462603251139,0.000547919589586235,17,{'model__n_neighbors': 17},0.6248085758039816,0.6286370597243491,0.6607963246554365,0.6380806533945891,0.016138269483958398,9,1.0,1.0,1.0,1.0,0.0
5,0.0031669934590657554,1.63385839913137e-05,0.05551497141520182,0.0032403342770516374,21,{'model__n_neighbors': 21},0.6301684532924962,0.6339969372128637,0.6623277182235835,0.6421643695763145,0.014343053923662223,7,1.0,1.0,1.0,1.0,0.0
6,0.003217299779256185,0.00011300207886235131,0.056441704432169594,0.0009575530753081588,25,{'model__n_neighbors': 25},0.6294027565084227,0.6301684532924962,0.6615620214395099,0.6403777437468096,0.014982807678855696,8,1.0,1.0,1.0,1.0,0.0
7,0.003124396006266276,2.4244042214358826e-05,0.05849687258402506,0.0010765800084000707,29,{'model__n_neighbors': 29},0.6401225114854517,0.6378254211332313,0.664624808575804,0.6475242470648289,0.012128233150093634,6,1.0,1.0,1.0,1.0,0.0
8,0.0031293233235677085,3.510308206301663e-05,0.0598453680674235,0.0002859357728956342,33,{'model__n_neighbors': 33},0.6447166921898928,0.6378254211332313,0.6753445635528331,0.6526288922919857,0.01630692480343369,1,1.0,1.0,1.0,1.0,0.0
9,0.003231604894002279,7.309835699940157e-05,0.062077999114990234,0.0009355534714898212,37,{'model__n_neighbors': 37},0.6477794793261868,0.6347626339969372,0.6753445635528331,0.6526288922919857,0.016918645655106243,1,1.0,1.0,1.0,1.0,0.0
10,0.0032411416371663413,0.00011553708474876118,0.06525309880574544,0.0013582552838358492,41,{'model__n_neighbors': 41},0.655436447166922,0.6332312404287902,0.669218989280245,0.6526288922919857,0.014825457612514156,1,1.0,1.0,1.0,1.0,0.0
11,0.003160397211710612,1.849379721285093e-05,0.0653246243794759,0.0006811203717898091,45,{'model__n_neighbors': 45},0.6500765696784073,0.6347626339969372,0.663093415007657,0.6493108728943339,0.01157865872609877,4,1.0,1.0,1.0,1.0,0.0
12,0.003250757853190104,6.004688656228968e-05,0.06755463282267253,0.0008554809534881545,49,{'model__n_neighbors': 49},0.6431852986217458,0.6339969372128637,0.6669218989280244,0.6480347115875446,0.013872055376928214,5,1.0,1.0,1.0,1.0,0.0
0,0.003045161565144857,5.596977353605617e-05,0.022329012552897137,0.0008384257582262414,1,{'model__n_neighbors': 1},0.5857580398162328,0.6003062787136294,0.5903522205206738,0.5921388463501787,0.006072168072164538,13,1.0,1.0,1.0,1.0,0.0
1,0.0031499862670898438,0.000133180200007267,0.04059759775797526,0.0005597605980419585,5,{'model__n_neighbors': 5},0.5980091883614089,0.6248085758039816,0.608728943338438,0.6105155691679428,0.011013501281465745,12,1.0,1.0,1.0,1.0,0.0
2,0.003161350886027018,3.9779163270554825e-05,0.04603473345438639,0.0009857957994828677,9,{'model__n_neighbors': 9},0.614854517611026,0.6286370597243491,0.613323124042879,0.6189382337927514,0.006886542911297604,11,1.0,1.0,1.0,1.0,0.0
3,0.003065347671508789,5.6547271316755384e-05,0.048006931940714516,0.0011131289714579377,13,{'model__n_neighbors': 13},0.614854517611026,0.6470137825421133,0.6217457886676876,0.6278713629402757,0.013825015379224927,10,1.0,1.0,1.0,1.0,0.0
4,0.00336456298828125,9.89382524019113e-05,0.053437391916910805,0.001230263653319082,17,{'model__n_neighbors': 17},0.6294027565084227,0.6401225114854517,0.6339969372128637,0.6345074017355793,0.004391181861685853,9,1.0,1.0,1.0,1.0,0.0
5,0.003159602483113607,9.907687340504163e-06,0.0533451239267985,0.0009590447199897918,21,{'model__n_neighbors': 21},0.6301684532924962,0.6454823889739663,0.6385911179173047,0.6380806533945891,0.006262299206934798,6,1.0,1.0,1.0,1.0,0.0
6,0.003169377644856771,6.43339548788308e-05,0.057060956954956055,0.0012903432592809552,25,{'model__n_neighbors': 25},0.6401225114854517,0.6439509954058193,0.6301684532924962,0.6380806533945891,0.005808987583839248,6,1.0,1.0,1.0,1.0,0.0
7,0.003300189971923828,0.00018722311353173589,0.05819471677144369,0.0011831181344051159,29,{'model__n_neighbors': 29},0.6362940275650842,0.6523736600306279,0.6339969372128637,0.6408882082695252,0.008175404480881585,3,1.0,1.0,1.0,1.0,0.0
8,0.0031754175821940103,6.584996659555844e-05,0.05987469355265299,0.001201172619611938,33,{'model__n_neighbors': 33},0.6431852986217458,0.6600306278713629,0.6332312404287902,0.6454823889739663,0.011060719081174284,1,1.0,1.0,1.0,1.0,0.0
9,0.003237565358479818,8.979286694561553e-05,0.0616616408030192,0.001203121073596414,37,{'model__n_neighbors': 37},0.6355283307810107,0.6623277182235835,0.6324655436447167,0.6434405308831036,0.01341366344407445,2,1.0,1.0,1.0,1.0,0.0
10,0.003177007039388021,2.4507553846807224e-05,0.0629735787709554,0.0003235146164458705,41,{'model__n_neighbors': 41},0.6416539050535988,0.6569678407350689,0.6232771822358346,0.6406329760081674,0.013773085822595222,4,1.0,1.0,1.0,1.0,0.0
11,0.003208001454671224,3.501336457176913e-05,0.06502421696980794,0.0009494833717574658,45,{'model__n_neighbors': 45},0.6378254211332313,0.6584992343032159,0.622511485451761,0.6396120469627361,0.014746152961362216,5,1.0,1.0,1.0,1.0,0.0
12,0.003293275833129883,9.441034554890005e-05,0.06879043579101562,0.0024568448028090472,49,{'model__n_neighbors': 49},0.6362940275650842,0.6531393568147014,0.6186830015313936,0.6360387953037264,0.01406790584943407,8,1.0,1.0,1.0,1.0,0.0
0,0.0031703313191731772,3.982771877710287e-05,0.022519508997599285,0.001131385975072549,1,{'model__n_neighbors': 1},0.5857580398162328,0.6140888208269525,0.5972434915773354,0.5990301174068402,0.011634784400246524,13,1.0,1.0,1.0,1.0,0.0
1,0.003157536188761393,1.2349274345811536e-05,0.0401299794514974,0.001353918778198438,5,{'model__n_neighbors': 5},0.6140888208269525,0.6209800918836141,0.6156202143950995,0.6168963757018887,0.0029545270298086735,12,1.0,1.0,1.0,1.0,0.0
2,0.003132025400797526,3.452672756875679e-05,0.04586172103881836,0.0012735882360829067,9,{'model__n_neighbors': 9},0.6339969372128637,0.6255742725880551,0.608728943338438,0.6227667177131189,0.010504908436578175,11,1.0,1.0,1.0,1.0,0.0
3,0.003246943155924479,0.0002049602432367634,0.049199422200520836,0.0007385718961090275,13,{'model__n_neighbors': 13},0.6355283307810107,0.6439509954058193,0.6209800918836141,0.633486472690148,0.00948832582717769,10,1.0,1.0,1.0,1.0,0.0
4,0.003201166788736979,0.00014959473425339758,0.05152742067972819,0.0011971542728823714,17,{'model__n_neighbors': 17},0.6301684532924962,0.6470137825421133,0.6271056661562021,0.6347626339969371,0.008752643287127224,9,1.0,1.0,1.0,1.0,0.0
5,0.0031862258911132812,1.07102763391572e-05,0.0552058219909668,0.003534874971322592,21,{'model__n_neighbors': 21},0.6416539050535988,0.6485451761102603,0.6347626339969372,0.6416539050535988,0.005626699256010346,8,1.0,1.0,1.0,1.0,0.0
6,0.0032276312510172525,4.185738271797083e-06,0.05789899826049805,0.003160388703244908,25,{'model__n_neighbors': 25},0.6508422664624809,0.6531393568147014,0.6393568147013783,0.6477794793261867,0.006029102506900303,4,1.0,1.0,1.0,1.0,0.0
7,0.0032144387563069663,3.948177756237059e-05,0.05751172701517741,0.0006718021952453902,29,{'model__n_neighbors': 29},0.6500765696784073,0.6539050535987749,0.6416539050535988,0.6485451761102603,0.00511739092796414,3,1.0,1.0,1.0,1.0,0.0
8,0.003178834915161133,1.6101052313990488e-05,0.05998412768046061,0.0007913069260228562,33,{'model__n_neighbors': 33},0.6539050535987749,0.6539050535987749,0.6439509954058193,0.6505870342011231,0.00469238803237627,2,1.0,1.0,1.0,1.0,0.0
9,0.0033111572265625,0.0001150250428698201,0.061020215352376304,0.0008984559090330255,37,{'model__n_neighbors': 37},0.6500765696784073,0.6539050535987749,0.6493108728943339,0.6510974987238387,0.0020097008356334575,1,1.0,1.0,1.0,1.0,0.0
10,0.003219763437906901,2.671446813735987e-05,0.06453339258829753,0.0009246335292082841,41,{'model__n_neighbors': 41},0.6416539050535988,0.6569678407350689,0.6431852986217458,0.6472690148034711,0.006886542911297605,5,1.0,1.0,1.0,1.0,0.0
11,0.0031843185424804688,7.016152844220238e-06,0.06723801294962566,0.0032760530317575863,45,{'model__n_neighbors': 45},0.6347626339969372,0.655436447166922,0.6493108728943339,0.6465033180193976,0.008670386805238932,6,1.0,1.0,1.0,1.0,0.0
12,0.0032395521799723306,7.076985644226594e-05,0.0671697457631429,0.0011732999589766217,49,{'model__n_neighbors': 49},0.6332312404287902,0.6584992343032159,0.6408882082695253,0.6442062276671771,0.010579061651895183,7,1.0,1.0,1.0,1.0,0.0
0,0.0030410289764404297,1.7056512472648546e-05,0.022401968638102215,0.000825082215455763,1,{'model__n_neighbors': 1},0.5941807044410413,0.611791730474732,0.6026033690658499,0.6028586013272077,0.007191936091682184,13,1.0,1.0,1.0,1.0,0.0
1,0.003568728764851888,0.0005222544810612993,0.04598689079284668,0.00730009357441243,5,{'model__n_neighbors': 5},0.6194486983154671,0.6393568147013783,0.6309341500765697,0.6299132210311383,0.008159452456940159,12,1.0,1.0,1.0,1.0,0.0
2,0.003118753433227539,2.1737534202011276e-05,0.04620226224263509,0.0014930374924299154,9,{'model__n_neighbors': 9},0.6332312404287902,0.6477794793261868,0.6286370597243491,0.6365492598264421,0.00815945245694018,11,1.0,1.0,1.0,1.0,0.0
3,0.0031441847483317056,4.674882468047787e-05,0.049154440561930336,0.0012414953400173249,13,{'model__n_neighbors': 13},0.6393568147013783,0.6516079632465543,0.6439509954058193,0.6449719244512506,0.005053340957943655,10,1.0,1.0,1.0,1.0,0.0
4,0.0031572977701822915,6.24178241319376e-05,0.051913817723592125,0.0012049948333171222,17,{'model__n_neighbors': 17},0.6431852986217458,0.6607963246554365,0.6562021439509954,0.6533945890760592,0.007458723428383094,2,1.0,1.0,1.0,1.0,0.0
5,0.003068129221598307,2.5619614393084087e-05,0.053344170252482094,0.0013632187582927346,21,{'model__n_neighbors': 21},0.6424196018376723,0.6508422664624809,0.6508422664624809,0.6480347115875448,0.003970482181241455,8,1.0,1.0,1.0,1.0,0.0
6,0.003166039784749349,3.9600617058359453e-05,0.05663307507832845,0.0005026905709616191,25,{'model__n_neighbors': 25},0.6477794793261868,0.6508422664624809,0.6638591117917305,0.6541602858601328,0.006971158899309689,1,1.0,1.0,1.0,1.0,0.0
7,0.003183444341023763,5.11485497499263e-05,0.058615922927856445,0.0008039076641792917,29,{'model__n_neighbors': 29},0.6493108728943339,0.6470137825421133,0.655436447166922,0.6505870342011231,0.0035549740370557073,5,1.0,1.0,1.0,1.0,0.0
8,0.0032976468404134116,6.375199667789732e-05,0.06081573168436686,0.001334580409388182,33,{'model__n_neighbors': 33},0.6470137825421133,0.6562021439509954,0.6531393568147014,0.65211842776927,0.003819966704210271,3,1.0,1.0,1.0,1.0,0.0
9,0.003285566965738932,7.16656619895132e-05,0.06160608927408854,0.001124248314914838,37,{'model__n_neighbors': 37},0.6477794793261868,0.6500765696784073,0.655436447166922,0.6510974987238387,0.0032082197779419656,4,1.0,1.0,1.0,1.0,0.0
10,0.0032095114390055337,2.6864412849114655e-05,0.06379040082295735,0.0003853203390344455,41,{'model__n_neighbors': 41},0.6424196018376723,0.6500765696784073,0.6592649310872895,0.6505870342011231,0.006886542911297613,5,1.0,1.0,1.0,1.0,0.0
11,0.0031893253326416016,1.638336424122761e-05,0.06547745068868001,0.00020500969601557932,45,{'model__n_neighbors': 45},0.6477794793261868,0.6539050535987749,0.6462480857580398,0.6493108728943339,0.003308188207456811,7,1.0,1.0,1.0,1.0,0.0
12,0.003838062286376953,0.0009243053424901117,0.06855479876200359,0.0008174127196906309,49,{'model__n_neighbors': 49},0.6424196018376723,0.6508422664624809,0.6508422664624809,0.6480347115875448,0.003970482181241455,8,1.0,1.0,1.0,1.0,0.0
0,0.003035942713419596,1.4866736171792366e-05,0.022698481877644856,0.0008168332406028865,1,{'model__n_neighbors': 1},0.6140888208269525,0.6056661562021439,0.5980091883614089,0.6059213884635017,0.0065669629046802135,13,1.0,1.0,1.0,1.0,0.0
1,0.0035982131958007812,0.0005095583477217423,0.04126207033793131,0.0003255429320918133,5,{'model__n_neighbors': 5},0.6263399693721287,0.6362940275650842,0.6064318529862175,0.6230219499744768,0.01241489178868331,12,1.0,1.0,1.0,1.0,0.0
2,0.003137985865275065,3.463029291507093e-05,0.045857508977254234,0.0009198917837711834,9,{'model__n_neighbors': 9},0.6385911179173047,0.6462480857580398,0.6316998468606432,0.6388463501786625,0.005942035082604814,11,1.0,1.0,1.0,1.0,0.0
3,0.0032606124877929688,2.7741378843709134e-05,0.04955244064331055,0.0005225501462926198,13,{'model__n_neighbors': 13},0.6623277182235835,0.6332312404287902,0.6286370597243491,0.6413986727922409,0.014917446856766187,10,1.0,1.0,1.0,1.0,0.0
4,0.0031267007191975913,5.1968080179668184e-05,0.05112997690836588,0.00041638275685629923,17,{'model__n_neighbors': 17},0.6638591117917305,0.6485451761102603,0.6347626339969372,0.649055640632976,0.011884070165209627,6,1.0,1.0,1.0,1.0,0.0
5,0.0032193660736083984,0.0001226483816264443,0.05535101890563965,0.001551055125885857,21,{'model__n_neighbors': 21},0.6607963246554365,0.6546707503828484,0.6355283307810107,0.6503318019397651,0.010762209618329797,4,1.0,1.0,1.0,1.0,0.0
6,0.003161350886027018,1.4728445886912215e-05,0.055885632832845054,0.0005893164035783705,25,{'model__n_neighbors': 25},0.6592649310872895,0.6485451761102603,0.6393568147013783,0.649055640632976,0.008135465773613692,6,1.0,1.0,1.0,1.0,0.0
7,0.0032022794087727866,3.712616129372562e-05,0.05861504872639974,0.0005786775118194152,29,{'model__n_neighbors': 29},0.6615620214395099,0.6477794793261868,0.6378254211332313,0.649055640632976,0.009732351181693506,6,1.0,1.0,1.0,1.0,0.0
8,0.003204345703125,6.823688014969785e-05,0.05951404571533203,0.0004964747720115834,33,{'model__n_neighbors': 33},0.6592649310872895,0.6508422664624809,0.6378254211332313,0.6493108728943339,0.008819373426835628,5,1.0,1.0,1.0,1.0,0.0
9,0.003294706344604492,0.00017061321922174152,0.06237673759460449,0.0003128593846583355,37,{'model__n_neighbors': 37},0.6699846860643185,0.6531393568147014,0.6339969372128637,0.6523736600306278,0.014701909978473378,1,1.0,1.0,1.0,1.0,0.0
10,0.003169377644856771,1.1142650432588409e-05,0.06334622701009114,0.000609003827034924,41,{'model__n_neighbors': 41},0.664624808575804,0.6539050535987749,0.6278713629402757,0.6488004083716182,0.015432584438826915,9,1.0,1.0,1.0,1.0,0.0
11,0.0034438769022623696,8.18435417073536e-05,0.06562169392903645,0.0007146923795921205,45,{'model__n_neighbors': 45},0.666156202143951,0.6562021439509954,0.6324655436447167,0.6516079632465543,0.014132586217363049,2,1.0,1.0,1.0,1.0,0.0
12,0.003242969512939453,3.344891725648227e-05,0.06690271695454915,0.0008451856092053882,49,{'model__n_neighbors': 49},0.6684532924961715,0.6493108728943339,0.6339969372128637,0.650587034201123,0.014095662349651941,3,1.0,1.0,1.0,1.0,0.0
0,0.003235896428426107,0.00015439836155628798,0.023781299591064453,0.0009869370415529093,1,{'model__n_neighbors': 1},0.611791730474732,0.6079632465543645,0.5880551301684533,0.60260336906585,0.010405215472506113,13,1.0,1.0,1.0,1.0,0.0
1,0.0031162897745768228,3.904164393077138e-05,0.04072793324788412,0.0010575218578628054,5,{'model__n_neighbors': 5},0.6194486983154671,0.6163859111791731,0.6033690658499234,0.6130678917815212,0.006971158899309689,12,1.0,1.0,1.0,1.0,0.0
2,0.0031135876973470054,5.1264738016192784e-05,0.0460205078125,0.0015206301462724714,9,{'model__n_neighbors': 9},0.6186830015313936,0.6408882082695253,0.6110260336906586,0.6235324144971924,0.012664253425273383,11,1.0,1.0,1.0,1.0,0.0
3,0.0031920274098714194,4.9680518101235036e-05,0.04947535196940104,0.001149529969806659,13,{'model__n_neighbors': 13},0.6316998468606432,0.6607963246554365,0.6332312404287902,0.6419091373149567,0.013369883464735895,5,1.0,1.0,1.0,1.0,0.0
4,0.0031371116638183594,3.942350515228463e-05,0.05156397819519043,0.001243293310611145,17,{'model__n_neighbors': 17},0.6362940275650842,0.6454823889739663,0.6324655436447167,0.6380806533945891,0.005462208922672928,8,1.0,1.0,1.0,1.0,0.0
5,0.003125270207722982,7.451825567710268e-06,0.053708394368489586,0.0006158575523724811,21,{'model__n_neighbors': 21},0.6332312404287902,0.6592649310872895,0.6301684532924962,0.6408882082695252,0.013054325525823824,6,1.0,1.0,1.0,1.0,0.0
6,0.003262678782145182,0.00012314442063328295,0.056215365727742515,0.001243129261367677,25,{'model__n_neighbors': 25},0.6339969372128637,0.655436447166922,0.6408882082695253,0.6434405308831036,0.008936774578872729,2,1.0,1.0,1.0,1.0,0.0
7,0.0031665166219075522,6.42844560328469e-05,0.05814679463704427,0.0012523060838167668,29,{'model__n_neighbors': 29},0.6401225114854517,0.6546707503828484,0.6332312404287902,0.6426748340990301,0.008936774578872689,4,1.0,1.0,1.0,1.0,0.0
8,0.003239234288533529,5.917948512035558e-05,0.06020267804463705,0.000836807807243404,33,{'model__n_neighbors': 33},0.6316998468606432,0.6539050535987749,0.6431852986217458,0.642930066360388,0.009067034031818098,3,1.0,1.0,1.0,1.0,0.0
9,0.003207047780354818,4.140269038404853e-05,0.06185015042622884,0.0007800195390537537,37,{'model__n_neighbors': 37},0.6332312404287902,0.6516079632465543,0.6485451761102603,0.6444614599285349,0.008038803342533742,1,1.0,1.0,1.0,1.0,0.0
10,0.003243684768676758,3.525532863001603e-05,0.06381106376647949,0.0007324599288866332,41,{'model__n_neighbors': 41},0.6278713629402757,0.6447166921898928,0.6393568147013783,0.6373149566105156,0.007027003521151704,9,1.0,1.0,1.0,1.0,0.0
11,0.0031913121541341147,2.89108675553014e-05,0.06536825497945149,0.0007958260826107667,45,{'model__n_neighbors': 45},0.6255742725880551,0.6393568147013783,0.6424196018376723,0.6357835630423686,0.007326544203372841,10,1.0,1.0,1.0,1.0,0.0
12,0.003269354502360026,4.566419509580964e-05,0.06797409057617188,0.00022696747488521244,49,{'model__n_neighbors': 49},0.6301684532924962,0.6462480857580398,0.6401225114854517,0.6388463501786625,0.006626214898288508,7,1.0,1.0,1.0,1.0,0.0
0,0.003048102060953776,7.396263705807633e-05,0.023218313852945965,0.0006117766332908868,1,{'model__n_neighbors': 1},0.5972434915773354,0.5972434915773354,0.6110260336906586,0.6018376722817764,0.006497152660213333,13,1.0,1.0,1.0,1.0,0.0
1,0.0031417210896809897,5.3934735043999444e-05,0.041460673014322914,0.0005922207551475711,5,{'model__n_neighbors': 5},0.6263399693721287,0.6301684532924962,0.622511485451761,0.6263399693721287,0.003125944031116884,12,1.0,1.0,1.0,1.0,0.0
2,0.003151575724283854,6.462458132310797e-05,0.0462950865427653,0.0006290491363135206,9,{'model__n_neighbors': 9},0.6332312404287902,0.6355283307810107,0.6470137825421133,0.6385911179173047,0.006029102506900303,11,1.0,1.0,1.0,1.0,0.0
3,0.00322572390238444,8.578041452782058e-05,0.0490572452545166,0.001242854762850856,13,{'model__n_neighbors': 13},0.6255742725880551,0.6408882082695253,0.6607963246554365,0.6424196018376723,0.014420058082517161,10,1.0,1.0,1.0,1.0,0.0
4,0.0035409927368164062,0.0005291651173545103,0.052808284759521484,0.0015649841419139525,17,{'model__n_neighbors': 17},0.6385911179173047,0.6462480857580398,0.6470137825421133,0.6439509954058192,0.003802875044857416,9,1.0,1.0,1.0,1.0,0.0
5,0.0031741460164388022,4.864725831428315e-05,0.05439527829488119,0.00026817143537478596,21,{'model__n_neighbors': 21},0.6401225114854517,0.6470137825421133,0.6539050535987749,0.6470137825421133,0.0056266992560103915,4,1.0,1.0,1.0,1.0,0.0
6,0.0032428900400797525,1.179362242981215e-05,0.05721545219421387,0.0006100698966057364,25,{'model__n_neighbors': 25},0.6416539050535988,0.6378254211332313,0.6531393568147014,0.6442062276671772,0.006507171405810077,8,1.0,1.0,1.0,1.0,0.0
7,0.003496964772542318,0.00046036400327621995,0.06088336308797201,0.002413333308206841,29,{'model__n_neighbors': 29},0.6424196018376723,0.6462480857580398,0.6562021439509954,0.6482899438489026,0.00580898758383921,3,1.0,1.0,1.0,1.0,0.0
8,0.003233035405476888,9.833224172439372e-05,0.060643275578816734,0.0006010117767246184,33,{'model__n_neighbors': 33},0.6516079632465543,0.6477794793261868,0.6539050535987749,0.6510974987238387,0.002526670478971848,1,1.0,1.0,1.0,1.0,0.0
9,0.0032120545705159507,6.38102234793384e-05,0.061177968978881836,0.0002583128598094213,37,{'model__n_neighbors': 37},0.6439509954058193,0.6500765696784073,0.6516079632465543,0.6485451761102604,0.0033081882074567598,2,1.0,1.0,1.0,1.0,0.0
10,0.003270308176676432,0.00013433292561900118,0.06424522399902344,0.0007289183193209803,41,{'model__n_neighbors': 41},0.6462480857580398,0.6431852986217458,0.6493108728943339,0.6462480857580398,0.0025007552248935074,5,1.0,1.0,1.0,1.0,0.0
11,0.0032576719919840493,4.011167728878639e-05,0.0660700798034668,0.00019843617153576635,45,{'model__n_neighbors': 45},0.6447166921898928,0.6462480857580398,0.6424196018376723,0.644461459928535,0.0015733573259236633,7,1.0,1.0,1.0,1.0,0.0
12,0.0034166971842447915,7.584167911368687e-05,0.0686039924621582,0.0030344452696276954,49,{'model__n_neighbors': 49},0.6385911179173047,0.6562021439509954,0.6431852986217458,0.645992853496682,0.007458723428383094,6,1.0,1.0,1.0,1.0,0.0
